date,n_positions,gross_return,cost_drag,net_return,equity
2017-05-08,0,0.0,0.0,0.0,1000000.0
2017-05-09,0,0.0,0.0,0.0,1000000.0
2017-05-11,2,-0.0009523809523809268,0.0068949567099567104,-0.007847337662337637,992152.6623376624
2017-05-15,1,-0.008338296605122086,0.006523296006305229,-0.014861592611427315,977407.6936616572
2017-05-16,1,-0.009803921568627416,0.006519292980730847,-0.016323214549358263,961453.2581758245
2017-05-17,0,0.0,0.0,0.0,961453.2581758245
2017-05-18,1,-0.017629179331307032,0.0064947097753794425,-0.024123889106686475,938259.2663943286
2017-05-21,0,0.0,0.0,0.0,938259.2663943286
2017-05-22,1,0.0034965034965035446,0.006564653810829109,-0.0030681503143255642,935380.5459312219
2017-05-23,3,0.00269613888569283,0.007069664218928868,-0.004373525333236037,931289.6354173756
2017-05-24,0,0.0,0.0,0.0,931289.6354173756
2017-05-28,0,0.0,0.0,0.0,931289.6354173756
2017-05-30,0,0.0,0.0,0.0,931289.6354173756
2017-05-31,0,0.0,0.0,0.0,931289.6354173756
2017-06-01,0,0.0,0.0,0.0,931289.6354173756
2017-06-04,0,0.0,0.0,0.0,931289.6354173756
2017-06-05,0,0.0,0.0,0.0,931289.6354173756
2017-06-06,0,0.0,0.0,0.0,931289.6354173756
2017-06-07,0,0.0,0.0,0.0,931289.6354173756
2017-06-08,0,0.0,0.0,0.0,931289.6354173756
2017-06-11,0,0.0,0.0,0.0,931289.6354173756
2017-06-12,0,0.0,0.0,0.0,931289.6354173756
2017-06-13,0,0.0,0.0,0.0,931289.6354173756
2017-06-14,1,-0.00919540229885063,0.0065238039326113864,-0.015719206231462016,916650.5015770268
2017-06-15,0,0.0,0.0,0.0,916650.5015770268
2017-06-18,0,0.0,0.0,0.0,916650.5015770268
2017-06-19,0,0.0,0.0,0.0,916650.5015770268
2017-06-20,0,0.0,0.0,0.0,916650.5015770268
2017-06-21,1,0.047040971168436974,0.0067074295727494685,0.04033354159568751,953622.2627110917
2017-06-22,1,0.0253623188405796,0.006634859198070244,0.018727459642509357,971481.185150212
2017-06-25,1,-0.010600706713780883,0.006517015503858482,-0.017117722217639367,954851.6400831476
2017-06-27,0,0.0,0.0,0.0,954851.6400831476
2017-06-28,0,0.0,0.0,0.0,954851.6400831476
2017-07-02,0,0.0,0.0,0.0,954851.6400831476
2017-07-03,1,0.005192878338278861,0.006569241010349975,-0.001376362672071114,953537.4179283712
2017-07-04,1,-0.0036900369003689537,0.006540443707227724,-0.010230480607596678,943782.2718656372
2017-07-05,0,0.0,0.0,0.0,943782.2718656372
2017-07-06,5,-0.0023652163634429123,0.007156731607735516,-0.009521947971178429,934795.626176812
2017-07-09,1,-0.0051395007342144305,0.006536784249855378,-0.011676284984069809,923880.6860437095
2017-07-10,0,0.0,0.0,0.0,923880.6860437095
2017-07-11,2,0.0052419949830307955,0.007026323967576135,-0.0017843289845453393,922232.1789573401
2017-07-12,1,0.0026333113890717463,0.0065627745441404544,-0.003929463155068708,918608.3015897084
2017-07-13,0,0.0,0.0,0.0,918608.3015897084
2017-07-16,2,0.020067939456484385,0.007078094718020397,0.012989844738463988,930540.8808028229
2017-07-17,5,0.03553983747369007,0.007291273392454083,0.028248564081235987,956827.3245043912
2017-07-18,7,-0.00163557083090823,0.007260149509843888,-0.008895720340752119,948315.6562112101
2017-07-19,2,0.000717875089734421,0.007007926789328112,-0.006290051699593691,942350.7017061074
2017-07-20,3,0.01564409801362776,0.007113148546386993,0.008530949467240768,950389.847922781
2017-07-23,3,0.0005494849096131516,0.007059725691690302,-0.00651024078207715,944202.581175962
2017-07-24,1,-0.0004327131112072946,0.006551548420065449,-0.006984261531272744,937608.0234105263
2017-07-25,1,0.020902612826603217,0.006621260680396009,0.014281352146207208,950998.3337679615
2017-07-26,7,0.0016782190730294047,0.007273824149419755,-0.005595605076390351,945676.9226638908
2017-07-27,4,0.004131599498054195,0.007125742736250976,-0.002994143238196781,942845.4305003779
2017-07-30,3,0.009606398997435761,0.007092234961915157,0.002514164035520604,945215.898572797
2017-07-31,4,0.005296191127817984,0.007129863729885305,-0.001833672602067321,943482.6820765455
2017-08-01,4,0.0021679932536982915,0.007119460150189325,-0.004951466896491033,938811.0588088309
2017-08-02,4,0.0007949855144085971,0.007115778111275363,-0.006320792596866766,932877.0288184554
2017-08-03,2,0.023634419023668585,0.007088734010292269,0.016545685013376315,948312.1182934999
2017-08-06,2,0.009813510693792382,0.0070393071255704,0.002774203568221982,950942.9291558578
2017-08-07,2,0.0064057133511421505,0.007027258492870532,-0.0006215451417283819,950351.87519818
2017-08-09,4,-0.0015456192555032555,0.007105115980346654,-0.008650735235849909,942130.632744947
2017-08-10,2,-0.013959271745555668,0.0069579829056071645,-0.02091725465116283,922423.8463851598
2017-08-13,1,-0.01743638077285581,0.006497536779190619,-0.02393391755204643,900346.6300977358
2017-08-15,0,0.0,0.0,0.0,900346.6300977358
2017-08-16,0,0.0,0.0,0.0,900346.6300977358
2017-08-17,1,-0.0011514104778354017,0.00655179208282071,-0.007703202560656112,893411.0776312888
2017-08-20,0,0.0,0.0,0.0,893411.0776312888
2017-08-21,0,0.0,0.0,0.0,893411.0776312888
2017-08-22,3,0.0003268660653229505,0.0070690235241821706,-0.00674215745885922,887387.5594704095
2017-08-23,1,-0.0005780346820809523,0.006554466554021703,-0.007132501236102655,881058.2666055848
2017-08-24,1,0.0012247397428046813,0.006560730339889289,-0.005335990597084608,876356.9479794938
2017-08-27,1,-0.0028296547821166085,0.006547857999304337,-0.009377512781420946,868138.899498729
2017-08-28,3,-0.006071929730017356,0.007051835253112164,-0.01312376498312952,856745.648608995
2017-08-30,2,-0.01958755079889951,0.0069491437059709905,-0.026536694504870503,834010.4510634809
2017-08-31,0,0.0,0.0,0.0,834010.4510634809
2017-09-04,2,0.03218288711246453,0.0071309335347473374,0.025051953577717195,854904.0421668543
2017-09-06,2,-0.026905829596412578,0.006924147080170867,-0.03382997667658345,825982.6583596326
2017-09-07,0,0.0,0.0,0.0,825982.6583596326
2017-09-10,1,-0.009302325581395321,0.006530301400405427,-0.015832626981800747,812905.1830363884
2017-09-11,1,-0.029530201342281903,0.006465534634053003,-0.0359957359763349,783644.0626940164
2017-09-12,0,0.0,0.0,0.0,783644.0626940164
2017-09-13,1,0.016877637130801704,0.006618656798218277,0.010258980332583427,791683.4517209401
2017-09-14,2,0.023446825441937214,0.0071072046591358256,0.01633962078280139,804619.2591020796
2017-09-17,2,0.004252143709975065,0.0070389522801306,-0.0027868085701555356,802376.9392551016
2017-09-18,1,-0.007911392405063333,0.006536602826411983,-0.014447995231475316,790784.2010628982
2017-09-20,1,-0.009090909090909038,0.006533682920443315,-0.015624592011352353,778428.5205522671
2017-09-24,1,0.0,0.006564231973366709,-0.006564231973366709,773318.7351686773
2017-09-25,1,0.0031746031746031633,0.006574973853245913,-0.0034003706786427494,770689.1648163646
2017-09-26,1,-0.015748031496062964,0.006513695896410592,-0.022261727392473556,753532.2927248896
2017-10-03,1,-0.03699421965317917,0.006446122943052802,-0.04344034259623197,720798.5917715962
2017-10-04,0,0.0,0.0,0.0,720798.5917715962
2017-10-08,0,0.0,0.0,0.0,720798.5917715962
2017-10-09,0,0.0,0.0,0.0,720798.5917715962
2017-10-10,1,0.034146341463414664,0.006680343114868877,0.027465998348545788,740596.044702829
2017-10-11,1,-0.011792452830188704,0.0065291877163044815,-0.018321640546493184,727027.1101816291
2017-10-12,0,0.0,0.0,0.0,727027.1101816291
2017-10-15,1,0.05414273995077923,0.006744737131174754,0.047398002819604476,761486.7431999467
2017-10-16,3,-0.0030006480813744942,0.00708663083879455,-0.010087278920169045,753805.4140272777
2017-10-17,1,0.01807909604519775,0.006625087177412144,0.011454008867785607,762439.507924131
2017-10-18,2,0.002774694783573839,0.007040730643254393,-0.004266035859680554,759186.9136424895
2017-10-22,2,-0.06750067576699553,0.006798842536534955,-0.07429951830353049,702779.6916565086
2017-10-23,1,-0.038087520259319274,0.006447361610464053,-0.04453488186978333,671481.4811081033
2017-10-24,3,-0.005479714603712364,0.007104481636699488,-0.012584196240411853,663031.4263780365
2017-10-25,1,-0.008855154965211942,0.006546631953148742,-0.015401786918360683,652819.5576287853
2017-10-29,1,0.012032085561497263,0.006615695120698534,0.005416390440798729,656355.4832402922
2017-10-30,3,-0.0025602490633969874,0.007119701835466337,-0.009679950898863324,650001.9943903264
2017-10-31,0,0.0,0.0,0.0,650001.9943903264
2017-11-01,1,0.011749347258485532,0.006615108219491355,0.0051342390389941765,653339.2600053493
2017-11-02,1,-0.016028495102404228,0.006524437308925772,-0.02255293241133,638604.5438327802
2017-11-05,0,0.0,0.0,0.0,638604.5438327802
2017-11-06,0,0.0,0.0,0.0,638604.5438327802
2017-11-07,2,-0.021219678696582145,0.006983383540496036,-0.02820306223707818,620593.9401381834
2017-11-08,0,0.0,0.0,0.0,620593.9401381834
2017-11-09,1,-0.00649350649350644,0.006559464083642839,-0.01305297057714928,612493.3456972026
2017-11-12,2,0.01744028841820633,0.007123436074926218,0.01031685234328011,618812.3491060022
2017-11-13,3,0.03488953160485949,0.007262768700744858,0.027626762904114633,635908.131156892
2017-11-14,3,-0.006612704582144098,0.007113069298610169,-0.013725773880754268,627179.7999396996
2017-11-15,0,0.0,0.0,0.0,627179.7999396996
2017-11-16,1,-0.003355704697986628,0.006568815915070038,-0.009924520613056667,620955.3410871052
2017-11-19,1,-0.002613240418118501,0.006572028057182628,-0.009185268475301128,615251.699568048
2017-11-20,1,0.00805060379528455,0.006607432015167286,0.0014431717801172642,616139.6134585339
2017-11-21,0,0.0,0.0,0.0,616139.6134585339
2017-11-22,2,0.01269754690168945,0.007106107414429581,0.005591439487259868,619584.720822891
2017-11-23,4,-0.024121536054561965,0.0071395775567614315,-0.031261113611323395,600215.8124734064
2017-11-26,7,-0.0020562353519424847,0.0074760295791283056,-0.00953226493107079,594494.396333092
2017-11-27,2,0.0025513469935712907,0.007077012311288849,-0.004525665317717558,591803.9136620299
2017-11-28,2,-0.011643158898882566,0.007028805989749847,-0.018671964888632413,580753.7717651773
2017-11-29,4,-0.0046576234495390445,0.007228311226786396,-0.011885934676325441,573850.9703709467
2017-11-30,2,-0.005222828288904469,0.007056242514341809,-0.012279070803246278,566804.6136752502
2017-12-04,1,0.009146341463414531,0.006617939429463372,0.0025284020339511595,568237.7236133196
2017-12-05,0,0.0,0.0,0.0,568237.7236133196
2017-12-06,5,-0.003433345351175565,0.007328111669631641,-0.010761457020807205,562122.6577730535
2017-12-10,1,0.009345794392523255,0.0066193223900816115,0.002726472002441643,563655.2694614098
2017-12-11,3,-0.01239022905689576,0.0071233738156534195,-0.01951360287254918,552656.3243761201
2017-12-12,0,0.0,0.0,0.0,552656.3243761201
2017-12-13,4,-0.0048333502173168175,0.007245213499210944,-0.012078563716527761,545981.0297488011
2017-12-14,0,0.0,0.0,0.0,545981.0297488011
2017-12-17,1,-0.0033333333333332993,0.00658074494004185,-0.009914078273375149,540568.1310840936
2017-12-18,1,0.004188481675392763,0.006606107844254242,-0.0024176261688614786,539261.2394243322
2017-12-19,0,0.0,0.0,0.0,539261.2394243322
2017-12-20,0,0.0,0.0,0.0,539261.2394243322
2017-12-21,0,0.0,0.0,0.0,539261.2394243322
2017-12-24,0,0.0,0.0,0.0,539261.2394243322
2017-12-26,0,0.0,0.0,0.0,539261.2394243322
2017-12-27,0,0.0,0.0,0.0,539261.2394243322
2017-12-28,2,-0.015966386554621848,0.0070303548458928045,-0.02299674140051465,526859.9881539698
2017-12-31,2,0.04524178092289555,0.0072458878913813874,0.03799589303151416,546878.5039064528
2018-01-01,3,0.014511014134654165,0.007224346955673674,0.007286667178980491,550863.4255517578
2018-01-02,2,-0.01447767453865012,0.007031585222109402,-0.02150925976075952,539014.7610388632
2018-01-03,0,0.0,0.0,0.0,539014.7610388632
2018-01-04,2,0.009379757954323553,0.007117883841153558,0.0022618741131699956,540233.9445734735
2018-01-07,1,0.005867560771165126,0.006611622068517022,-0.0007440612973518964,539831.9774038006
2018-01-08,2,0.03020926756352771,0.007189464797131619,0.02301980276639609,552258.8030506297
2018-01-09,3,-0.017413587084043874,0.007111534910866421,-0.024525121994910293,538714.5885330498
2018-01-10,0,0.0,0.0,0.0,538714.5885330498
2018-01-14,1,-0.07442348008385746,0.006536052518839373,-0.08095953260269684,495100.50723915995
2018-01-16,0,0.0,0.0,0.0,495100.50723915995
2018-01-17,0,0.0,0.0,0.0,495100.50723915995
2018-01-21,0,0.0,0.0,0.0,495100.50723915995
2018-01-22,0,0.0,0.0,0.0,495100.50723915995
2018-01-23,0,0.0,0.0,0.0,495100.50723915995
2018-01-24,0,0.0,0.0,0.0,495100.50723915995
2018-01-25,0,0.0,0.0,0.0,495100.50723915995
2018-01-28,3,-0.007671718109862409,0.007176501359275908,-0.014848219469138318,487749.14624839125
2018-01-29,0,0.0,0.0,0.0,487749.14624839125
2018-01-31,1,-0.002777777777777768,0.006992928378649319,-0.009770706156427087,482983.49266235007
2018-02-01,3,0.0006584551927012091,0.007212841290865312,-0.006554386098164103,479817.83237240126
2018-02-04,1,-0.012307692307692353,0.006961744676119485,-0.01926943698381184,470572.0128877921
2018-02-05,1,0.0,0.007006253662841446,-0.007006253662841446,467275.0659988663
2018-02-06,0,0.0,0.0,0.0,467275.0659988663
2018-02-07,0,0.0,0.0,0.0,467275.0659988663
2018-02-08,1,-0.006172839506172867,0.006985707059196508,-0.013158546565369375,461126.40528408415
2018-02-11,0,0.0,0.0,0.0,461126.40528408415
2018-02-12,0,0.0,0.0,0.0,461126.40528408415
2018-02-14,2,0.02765640172007222,0.007212274862973455,0.020444126857098767,470553.7320108699
2018-02-15,6,-0.010787444112223302,0.007500330062406644,-0.018287774174629946,461948.3516228258
2018-02-18,2,-0.015969701580125673,0.007061378946328495,-0.023031080526454167,451309.1819375377
2018-02-20,0,0.0,0.0,0.0,451309.1819375377
2018-02-21,0,0.0,0.0,0.0,451309.1819375377
2018-02-22,0,0.0,0.0,0.0,451309.1819375377
2018-02-25,0,0.0,0.0,0.0,451309.1819375377
2018-02-26,1,0.0033632286995515237,0.007022391933040072,-0.003659163233488548,449657.76797205606
2018-02-27,1,-0.008379888268156388,0.006982285062635067,-0.015362173330791455,442750.0474009325
2018-02-28,0,0.0,0.0,0.0,442750.0474009325
2018-03-04,0,0.0,0.0,0.0,442750.0474009325
2018-03-05,4,0.0189731865793486,0.007417179636189886,0.011556006943158715,447866.4700227815
2018-03-06,4,0.019842996346066177,0.007415020010094781,0.012427976335971397,453432.5439138997
2018-03-07,2,-0.023803171780050425,0.0070384190281708656,-0.03084159080822129,439447.9629353764
2018-03-11,0,0.0,0.0,0.0,439447.9629353764
2018-03-12,0,0.0,0.0,0.0,439447.9629353764
2018-03-13,0,0.0,0.0,0.0,439447.9629353764
2018-03-14,1,-0.017964071856287456,0.006951803066387328,-0.024915874922674785,428498.7324558543
2018-03-15,0,0.0,0.0,0.0,428498.7324558543
2018-03-18,0,0.0,0.0,0.0,428498.7324558543
2018-03-19,0,0.0,0.0,0.0,428498.7324558543
2018-03-20,0,0.0,0.0,0.0,428498.7324558543
2018-03-21,3,-0.006512186914597429,0.0072275923337110715,-0.0137397792483085,422611.25446373085
2018-03-22,2,-0.08500522466039706,0.0068433560566131925,-0.09184858071701026,383795.0105462019
2018-03-26,6,0.040113908422982424,0.007820060258923161,0.032293848164059266,396189.2283429045
2018-03-27,7,-0.014911983308742629,0.007731969901544586,-0.022643953210287216,387217.9379938879
2018-03-28,0,0.0,0.0,0.0,387217.9379938879
2018-03-29,2,-0.04236842105263161,0.007012081445995121,-0.04938050249862673,368096.92163926765
2018-04-01,0,0.0,0.0,0.0,368096.92163926765
2018-04-02,2,-0.014350945857795172,0.0071221568170427435,-0.021473102674837916,360192.7386466159
2018-04-03,1,0.0748299319727892,0.007296977834938673,0.06753295413785053,384517.61834642454
2018-04-04,2,0.04830005899338652,0.00732670131032884,0.04097335768305768,400272.5962583701
2018-04-05,1,0.046428571428571486,0.007185093443111983,0.039243477985459504,415980.68507781817
2018-04-08,7,-0.0039922041179972145,0.007727612115240119,-0.011719816233237333,411105.46789212996
2018-04-09,0,0.0,0.0,0.0,411105.46789212996
2018-04-10,0,0.0,0.0,0.0,411105.46789212996
2018-04-11,0,0.0,0.0,0.0,411105.46789212996
2018-04-12,0,0.0,0.0,0.0,411105.46789212996
2018-04-15,0,0.0,0.0,0.0,411105.46789212996
2018-04-16,4,0.04002742353665162,0.007524587775657432,0.032502835760994185,424467.56139547453
2018-04-17,5,0.010708951644022857,0.007525919040927686,0.0031830326030951707,425818.65548235265
2018-04-18,4,0.017255819407970552,0.0074292160852421395,0.009826603322728413,430003.0064971952
2018-04-19,3,0.023338184928969257,0.0073293515083055075,0.01600883342066375,436886.8529985935
2018-04-22,9,-0.01833815533705379,0.008461246890267685,-0.026799402227321474,425178.5464972555
2018-04-23,0,0.0,0.0,0.0,425178.5464972555
2018-04-24,0,0.0,0.0,0.0,425178.5464972555
2018-04-25,0,0.0,0.0,0.0,425178.5464972555
2018-04-26,1,-0.003759398496240629,0.007004627730130617,-0.010764026226371246,420601.9134718686
2018-04-29,1,-0.007547169811320753,0.006992839516960552,-0.014540009328281304,414486.3577264947
2018-05-02,0,0.0,0.0,0.0,414486.3577264947
2018-05-03,2,-0.01708534298678055,0.007082318030793368,-0.024167661017573918,404469.1919365519
2018-05-06,0,0.0,0.0,0.0,404469.1919365519
2018-05-07,1,0.028846153846153744,0.007123138040302302,0.021723015805851443,413255.48258596956
2018-05-08,0,0.0,0.0,0.0,413255.48258596956
2018-05-09,0,0.0,0.0,0.0,413255.48258596956
2018-05-10,0,0.0,0.0,0.0,413255.48258596956
2018-05-14,0,0.0,0.0,0.0,413255.48258596956
2018-05-15,0,0.0,0.0,0.0,413255.48258596956
2018-05-16,0,0.0,0.0,0.0,413255.48258596956
2018-05-17,0,0.0,0.0,0.0,413255.48258596956
2018-05-20,0,0.0,0.0,0.0,413255.48258596956
2018-05-21,1,-0.018547140649149974,0.0069570028950907805,-0.025504143544240753,402715.75543765246
2018-05-22,0,0.0,0.0,0.0,402715.75543765246
2018-05-23,1,-0.025821596244131495,0.006935072542501692,-0.032756668786633185,389524.1288216225
2018-05-24,0,0.0,0.0,0.0,389524.1288216225
2018-05-27,0,0.0,0.0,0.0,389524.1288216225
2018-05-28,1,-0.028414298808432603,0.0069303324220817905,-0.035344631230514394,375756.5421330349
2018-05-29,0,0.0,0.0,0.0,375756.5421330349
2018-05-30,1,-0.021406727828746197,0.006959211671151408,-0.028365939499897606,365097.8547921985
2018-05-31,0,0.0,0.0,0.0,365097.8547921985
2018-06-03,1,-0.01680672268907568,0.006978966392549366,-0.023785689081625046,356413.750733743
2018-06-04,2,0.02536741713570978,0.007268090377890045,0.018099326757819736,362864.59966925316
2018-06-06,0,0.0,0.0,0.0,362864.59966925316
2018-06-07,0,0.0,0.0,0.0,362864.59966925316
2018-06-10,2,0.00451055829690894,0.007191146313961698,-0.002680588017052758,361891.9091715671
2018-06-11,2,0.007437172517918755,0.007201983848124219,0.00023518866979453656,361977.02204829454
2018-06-12,0,0.0,0.0,0.0,361977.02204829454
2018-06-13,0,0.0,0.0,0.0,361977.02204829454
2018-06-14,0,0.0,0.0,0.0,361977.02204829454
2018-06-17,0,0.0,0.0,0.0,361977.02204829454
2018-06-18,0,0.0,0.0,0.0,361977.02204829454
2018-06-19,0,0.0,0.0,0.0,361977.02204829454
2018-06-20,0,0.0,0.0,0.0,361977.02204829454
2018-06-21,0,0.0,0.0,0.0,361977.02204829454
2018-06-24,0,0.0,0.0,0.0,361977.02204829454
2018-06-25,0,0.0,0.0,0.0,361977.02204829454
2018-06-26,0,0.0,0.0,0.0,361977.02204829454
2018-06-27,0,0.0,0.0,0.0,361977.02204829454
2018-06-28,0,0.0,0.0,0.0,361977.02204829454
2018-07-01,0,0.0,0.0,0.0,361977.02204829454
2018-07-02,0,0.0,0.0,0.0,361977.02204829454
2018-07-03,0,0.0,0.0,0.0,361977.02204829454
2018-07-04,0,0.0,0.0,0.0,361977.02204829454
2018-07-05,2,0.008106132278317746,0.007204226785927612,0.0009019054923901336,362303.491112599
2018-07-08,0,0.0,0.0,0.0,362303.491112599
2018-07-09,0,0.0,0.0,0.0,362303.491112599
2018-07-10,1,-0.023728813559321993,0.006956141439773059,-0.03068495499909505,351186.22479179385
2018-07-11,0,0.0,0.0,0.0,351186.22479179385
2018-07-12,0,0.0,0.0,0.0,351186.22479179385
2018-07-15,0,0.0,0.0,0.0,351186.22479179385
2018-07-16,0,0.0,0.0,0.0,351186.22479179385
2018-07-17,1,-0.0029985007496251548,0.007032029777310792,-0.010030530526935946,347663.6406433804
2018-07-18,0,0.0,0.0,0.0,347663.6406433804
2018-07-19,0,0.0,0.0,0.0,347663.6406433804
2018-07-22,2,0.018548373553663455,0.007251626223529635,0.01129674733013382,351591.1089476031
2018-07-23,1,0.0,0.007042210649608467,-0.007042210649608467,349115.13029586466
2018-07-24,2,-0.0034146341463414664,0.007174657971379784,-0.01058929211772125,345418.2481984454
2018-07-25,0,0.0,0.0,0.0,345418.2481984454
2018-07-26,0,0.0,0.0,0.0,345418.2481984454
2018-07-29,1,-0.001098901098901095,0.007040960842557493,-0.008139861941458588,342606.5913460496
2018-07-30,0,0.0,0.0,0.0,342606.5913460496
2018-07-31,0,0.0,0.0,0.0,342606.5913460496
2018-08-01,0,0.0,0.0,0.0,342606.5913460496
2018-08-02,0,0.0,0.0,0.0,342606.5913460496
2018-08-05,1,0.0,0.007045939982659287,-0.007045939982659287,340192.60586576187
2018-08-06,2,0.0013080532253882948,0.007198463910947092,-0.005890410685558797,338188.7317050221
2018-08-07,0,0.0,0.0,0.0,338188.7317050221
2018-08-08,1,-0.016574585635359074,0.006990664119467225,-0.0235652497548263,330219.2297781253
2018-08-09,0,0.0,0.0,0.0,330219.2297781253
2018-08-12,1,0.04065934065934074,0.007191689287151074,0.03346765137218966,341270.89183673257
2018-08-13,0,0.0,0.0,0.0,341270.89183673257
2018-08-14,1,0.016666666666666607,0.007104011176886192,0.009562655489780416,344534.3478040574
2018-08-15,3,0.010755936230411193,0.007372478215084826,0.0033834580153263667,345700.06530469033
2018-08-16,2,-0.0071161125342957265,0.007164717508688807,-0.014280830042984534,340763.1814262254
2018-08-19,1,-0.0029985007496251548,0.007036384639461057,-0.010034885389086211,337343.6619557928
2018-08-20,0,0.0,0.0,0.0,337343.6619557928
2018-08-21,0,0.0,0.0,0.0,337343.6619557928
2018-08-22,0,0.0,0.0,0.0,337343.6619557928
2018-08-23,0,0.0,0.0,0.0,337343.6619557928
2018-08-26,0,0.0,0.0,0.0,337343.6619557928
2018-08-28,2,-0.005599195325222683,0.007177116387538486,-0.01277631171276117,333033.6541763213
2018-08-29,0,0.0,0.0,0.0,333033.6541763213
2018-08-30,1,-0.012141280353200834,0.007008247559751467,-0.0191495279129523,326656.2169197193
2018-09-02,2,0.015701754385964883,0.007260303294481965,0.008441451091482918,329413.66939857596
2018-09-03,6,0.00030013747834058596,0.007811744494201369,-0.007511607015860783,326939.2433684012
2018-09-04,2,0.011644861459847666,0.007246041999750457,0.0043988194600972095,328377.3900743996
2018-09-05,7,-0.010091485907916833,0.008528003757070374,-0.018619489664987207,322263.17065369384
2018-09-06,1,0.005181347150259086,0.007073028344449034,-0.001891681194189948,321653.5514741882
2018-09-09,1,-0.006185567010309256,0.007034106546293434,-0.01321967355660269,317401.3965253775
2018-09-10,0,0.0,0.0,0.0,317401.3965253775
2018-09-11,0,0.0,0.0,0.0,317401.3965253775
2018-09-12,3,0.0035028620085897355,0.007384672586655741,-0.003881810578066005,316169.3044268524
2018-09-13,2,0.011522818233795973,0.007256039961323317,0.004266778272472656,317518.3287454036
2018-09-16,7,0.0015978835480777245,0.008608290634171862,-0.007010407086094138,315292.3960036021
2018-09-17,2,0.0005370569280344073,0.00721901875737046,-0.006681961829336053,313185.6242484261
2018-09-18,4,-0.014906352768827041,0.00748717199846276,-0.022393524767289803,306172.29421505984
2018-09-20,0,0.0,0.0,0.0,306172.29421505984
2018-09-23,2,0.010986077804987615,0.007264515453348735,0.0037215623516388798,307311.7334983255
2018-09-25,2,-0.0030674846625766694,0.007214819657219526,-0.010282304319796196,304151.8607334516
2018-09-26,2,0.0032818055067602714,0.007240105356475674,-0.003958299849715402,302947.93646881974
2018-09-27,1,0.0,0.007065044860786323,-0.007065044860786323,300807.59570718487
2018-09-30,0,0.0,0.0,0.0,300807.59570718487
2018-10-01,0,0.0,0.0,0.0,300807.59570718487
2018-10-02,0,0.0,0.0,0.0,300807.59570718487
2018-10-03,0,0.0,0.0,0.0,300807.59570718487
2018-10-04,0,0.0,0.0,0.0,300807.59570718487
2018-10-07,0,0.0,0.0,0.0,300807.59570718487
2018-10-08,0,0.0,0.0,0.0,300807.59570718487
2018-10-09,0,0.0,0.0,0.0,300807.59570718487
2018-10-10,0,0.0,0.0,0.0,300807.59570718487
2018-10-11,0,0.0,0.0,0.0,300807.59570718487
2018-10-14,3,0.004654807891827373,0.007414716708047039,-0.0027599088162196667,299977.39417180675
2018-10-15,2,-0.016953573291601465,0.0071748686249570115,-0.024128441916558475,292739.4070402517
2018-10-21,0,0.0,0.0,0.0,292739.4070402517
2018-10-22,0,0.0,0.0,0.0,292739.4070402517
2018-10-23,1,0.002083333333333437,0.007077987873292841,-0.004994654539959404,291277.2748318531
2018-10-24,3,-0.003477174984527931,0.007402976979579441,-0.010880151964107371,288108.1338179915
2018-10-25,0,0.0,0.0,0.0,288108.1338179915
2018-10-28,0,0.0,0.0,0.0,288108.1338179915
2018-10-29,0,0.0,0.0,0.0,288108.1338179915
2018-10-30,0,0.0,0.0,0.0,288108.1338179915
2018-10-31,0,0.0,0.0,0.0,288108.1338179915
2018-11-01,0,0.0,0.0,0.0,288108.1338179915
2018-11-04,1,-0.002134471718249764,0.007066182023314223,-0.009200653741563987,285457.35063860397
2018-11-05,0,0.0,0.0,0.0,285457.35063860397
2018-11-06,1,-0.01175213675213671,0.007034612642587378,-0.01878674939472409,280094.53492927464
2018-11-11,0,0.0,0.0,0.0,280094.53492927464
2018-11-12,0,0.0,0.0,0.0,280094.53492927464
2018-11-13,0,0.0,0.0,0.0,280094.53492927464
2018-11-14,1,-0.009463722397476393,0.007045861316515239,-0.01650958371399163,275470.29075702827
2018-11-15,1,-0.010752688172043001,0.007044411002425824,-0.017797099174468825,270567.7186728057
2018-11-18,0,0.0,0.0,0.0,270567.7186728057
2018-11-19,0,0.0,0.0,0.0,270567.7186728057
2018-11-20,0,0.0,0.0,0.0,270567.7186728057
2018-11-21,0,0.0,0.0,0.0,270567.7186728057
2018-11-22,0,0.0,0.0,0.0,270567.7186728057
2018-11-25,0,0.0,0.0,0.0,270567.7186728057
2018-11-26,1,0.0018587360594795044,0.0070912092598049365,-0.005232473200325432,269151.98033597704
2018-11-27,0,0.0,0.0,0.0,269151.98033597704
2018-11-28,0,0.0,0.0,0.0,269151.98033597704
2018-11-29,0,0.0,0.0,0.0,269151.98033597704
2018-12-02,1,0.01298701298701288,0.007130573844686893,0.0058564391423259875,270728.2525288512
2018-12-03,0,0.0,0.0,0.0,270728.2525288512
2018-12-04,0,0.0,0.0,0.0,270728.2525288512
2018-12-05,0,0.0,0.0,0.0,270728.2525288512
2018-12-06,0,0.0,0.0,0.0,270728.2525288512
2018-12-09,0,0.0,0.0,0.0,270728.2525288512
2018-12-10,0,0.0,0.0,0.0,270728.2525288512
2018-12-11,0,0.0,0.0,0.0,270728.2525288512
2018-12-12,2,0.0037006592631295687,0.0072821413573837855,-0.003581482094254217,269758.6441400104
2018-12-13,2,0.006908094948265386,0.007294534672158051,-0.00038643972389266427,269654.3986840513
2018-12-16,4,0.022567485130395026,0.007719547931393362,0.014847937199001664,273658.2102611466
2018-12-17,4,-0.012699839438222893,0.007587024215088271,-0.020286863653311164,268106.5434619696
2018-12-18,1,0.0020986358866736943,0.007093733317643381,-0.004995097430969687,266767.32515549654
2018-12-19,1,0.005235602094240788,0.007105492078430672,-0.0018698899841898846,266268.49960607913
2018-12-20,4,0.027980596846444383,0.007747654578548489,0.020232942267895893,271655.8947863682
2018-12-23,8,0.0005316518765581396,0.008974444716866509,-0.008442792840308369,269362.3603428383
2018-12-24,2,0.00021032077503202462,0.007271972724766835,-0.00706165194973481,267460.2171057381
2018-12-25,1,0.02180685358255441,0.0071621773351815505,0.014644676247372857,271377.0853943037
2018-12-26,7,0.009000761718379982,0.00882347118137714,0.00017729053700284159,271425.1979835035
2018-12-27,0,0.0,0.0,0.0,271425.1979835035
2018-12-30,1,-0.011655011655011704,0.007044003025591632,-0.018699014680603337,266349.81422172434
2018-12-31,1,0.0,0.00708772305190488,-0.00708772305190488,264462.00050359446
2019-01-01,0,0.0,0.0,0.0,264462.00050359446
2019-01-02,1,-0.17899408284023666,0.006471533492846845,-0.1854656163330835,215413.3925835151
2019-01-03,1,-0.004757373929590858,0.0071156989049880855,-0.011873072834578943,212855.77368382725
2019-01-06,1,0.00917431192660545,0.007166552215972112,0.0020077597106333374,213283.13693040534
2019-01-07,2,-0.004717578395489197,0.0073525846753242155,-0.012070163070813412,210708.77468740073
2019-01-08,2,-0.003738661165293533,0.007361690302570899,-0.011100351467864433,208369.8332310075
2019-01-09,3,0.01158569503410937,0.007659844526317748,0.003925850507791622,209187.86204660594
2019-01-10,2,-0.015262549915852575,0.0073253834112876,-0.022587933327140174,204462.7405658502
2019-01-13,1,0.0036363636363636598,0.0071570887872897246,-0.0035207251509260648,203742.88345271273
2019-01-14,2,0.017223465473145794,0.007450235644991283,0.009773229828154512,205734.109478547
2019-01-15,4,-0.01302992538156042,0.007827175299982635,-0.020857100681543055,201443.09244352535
2019-01-16,1,0.0393258426966292,0.007283883214231036,0.032041959482398165,207897.72384960979
2019-01-17,1,-0.034594594594594574,0.007021151522245135,-0.04161574611683971,199245.90495561558
2019-01-20,1,-0.008235294117647007,0.007122534421671891,-0.015357828539318899,196185.9205101458
2019-01-21,0,0.0,0.0,0.0,196185.9205101458
2019-01-22,2,0.01073068783533404,0.007446741446964875,0.003283946388369166,196830.18455525397
2019-01-23,2,-0.010558107769901959,0.007371626686077824,-0.017929734455979784,193301.0716132568
2019-01-24,1,-0.016759776536312887,0.007100842624091915,-0.0238606191604048,188688.78836019474
2019-01-27,0,0.0,0.0,0.0,188688.78836019474
2019-01-28,0,0.0,0.0,0.0,188688.78836019474
2019-01-29,0,0.0,0.0,0.0,188688.78836019474
2019-01-30,2,8.799028807193743e-05,0.007430276761345821,-0.007342286473273884,187303.38122175925
2019-01-31,1,0.0,0.007166946595805455,-0.007166946595805455,185960.98789132913
2019-02-03,1,-0.010262257696693311,0.0071334688094735295,-0.01739572650616684,182726.06140515496
2019-02-04,0,0.0,0.0,0.0,182726.06140515496
2019-02-05,1,0.0034364261168384758,0.007185489324851094,-0.003749063208012618,182041.00985119585
2019-02-06,0,0.0,0.0,0.0,182041.00985119585
2019-02-07,0,0.0,0.0,0.0,182041.00985119585
2019-02-10,0,0.0,0.0,0.0,182041.00985119585
2019-02-11,1,0.0,0.007174663385139815,-0.007174663385139815,180734.9268832226
2019-02-12,0,0.0,0.0,0.0,180734.9268832226
2019-02-13,0,0.0,0.0,0.0,180734.9268832226
2019-02-14,0,0.0,0.0,0.0,180734.9268832226
2019-02-17,0,0.0,0.0,0.0,180734.9268832226
2019-02-18,0,0.0,0.0,0.0,180734.9268832226
2019-02-19,0,0.0,0.0,0.0,180734.9268832226
2019-02-20,0,0.0,0.0,0.0,180734.9268832226
2019-02-21,0,0.0,0.0,0.0,180734.9268832226
2019-02-24,0,0.0,0.0,0.0,180734.9268832226
2019-02-25,0,0.0,0.0,0.0,180734.9268832226
2019-02-26,0,0.0,0.0,0.0,180734.9268832226
2019-02-27,0,0.0,0.0,0.0,180734.9268832226
2019-03-03,0,0.0,0.0,0.0,180734.9268832226
2019-03-05,0,0.0,0.0,0.0,180734.9268832226
2019-03-06,1,0.029684601113172615,0.007279060117001029,0.022405540996171584,184784.39069694473
2019-03-07,1,0.009009009009008917,0.007201666706909197,0.0018073423020997202,185118.35934301902
2019-03-10,0,0.0,0.0,0.0,185118.35934301902
2019-03-11,3,0.018009060182973286,0.007772423659380854,0.010236636523592432,187013.3487014573
2019-03-12,4,-0.010066027743610734,0.008531694772073734,-0.018597722515684468,183535.32633557863
2019-03-13,0,0.0,0.0,0.0,183535.32633557863
2019-03-14,1,-0.01918465227817745,0.007106240067614183,-0.026290892345791635,178710.0188292402
2019-03-17,2,0.0018050541516245744,0.0074657931548232324,-0.005660739003198658,177698.38805539117
2019-03-18,0,0.0,0.0,0.0,177698.38805539117
2019-03-19,1,-0.028846153846153855,0.00708185642236508,-0.03592801026851893,171314.03854463782
2019-03-21,1,0.005434782608695565,0.007210611661920789,-0.0017758290532252233,171009.8140977649
2019-03-24,1,-0.003603603603603567,0.007179948447950348,-0.010783552051553916,169165.7208661151
2019-03-25,0,0.0,0.0,0.0,169165.7208661151
2019-03-26,1,0.0018018018018017834,0.00720178437118286,-0.005399982569381076,168252.2289221013
2019-03-27,0,0.0,0.0,0.0,168252.2289221013
2019-03-28,1,-0.005459508644222066,0.007178337578534297,-0.012637846222756363,166125.8831263478
2019-03-31,1,0.021390374331550888,0.007274773370523778,0.01411560096102711,168470.84980185752
2019-04-01,1,0.03315881326352521,0.007311185154466023,0.02584762810905919,172825.4216747531
2019-04-02,2,-0.0011148272017837413,0.007474772425706302,-0.008589599627490042,171340.92049711483
2019-04-03,0,0.0,0.0,0.0,171340.92049711483
2019-04-04,2,0.026130082905645446,0.007573780528575339,0.018556302377070108,174520.3744274248
2019-04-07,2,-0.008483115787500273,0.00744373225038105,-0.015926848037881323,171740.81494440505
2019-04-08,3,-0.002342084577790208,0.007765328962859565,-0.010107413540649772,170004.95950595374
2019-04-09,1,0.00330760749724357,0.007205520312714501,-0.003897912815470931,169342.29499560187
2019-04-10,0,0.0,0.0,0.0,169342.29499560187
2019-04-11,1,0.06448087431693983,0.0074177189808417735,0.057063155336098056,179005.50067990724
2019-04-15,2,0.024342584619460816,0.0075426239677130955,0.01679996065174772,182012.78604777608
2019-04-16,3,0.009775678279465053,0.007757844017475183,0.0020178342619898704,182380.05768358352
2019-04-17,3,0.0218691315778492,0.007797906846731469,0.014071224731117729,184946.36846172344
2019-04-18,5,0.04192464391670434,0.009008960636678724,0.032915683280025615,191034.00454980045
2019-04-21,4,0.0024760270028816866,0.00855621912995025,-0.006080192127068564,189872.48109933437
2019-04-22,2,-0.009472344509587116,0.007393989676103208,-0.016866334185690324,186670.02838044683
2019-04-23,1,0.0596026490066226,0.007373481458129104,0.052229167548493494,196419.64856901122
2019-04-24,1,0.006250000000000089,0.007176119517916835,-0.0009261195179167464,196237.7404987691
2019-04-25,2,0.05128128453117353,0.007586506404982191,0.04369477812619134,204812.30502984792
2019-04-28,6,-0.02176244059103884,0.008883146590639388,-0.03064558718167823,198535.71168017524
2019-04-29,0,0.0,0.0,0.0,198535.71168017524
2019-04-30,2,0.007915180157222479,0.0074309950917702625,0.0004841850654522164,198631.83970672972
2019-05-02,1,-0.0388726919339164,0.007017611192918504,-0.04589030312683491,189516.564371947
2019-05-05,1,0.01415571284125372,0.007212666390491309,0.006943046450762411,190832.38668157035
2019-05-06,2,-0.003463115731247912,0.007412072317440836,-0.010875188048688748,188757.0485906282
2019-05-07,1,0.004975124378109541,0.007182054949400631,-0.00220693057129109,188340.47488954687
2019-05-08,1,-0.01273885350318471,0.007121527614264549,-0.01986038111744926,184599.96127839907
2019-05-09,1,0.019607843137254832,0.007238503020296857,0.012369340116957974,186883.34098502886
2019-05-12,1,-0.0064102564102563875,0.007145431202129367,-0.013555687612385754,184350.00879467683
2019-05-13,0,0.0,0.0,0.0,184350.00879467683
2019-05-14,2,0.007656166780795837,0.007468860182930274,0.00018730659786556254,184384.53876764062
2019-05-15,3,-0.007005477874310014,0.007689348335492989,-0.014694826209803002,181675.04001467547
2019-05-16,1,0.01346389228886169,0.007221667100956331,0.0062422251879053585,182809.09652546878
2019-05-19,0,0.0,0.0,0.0,182809.09652546878
2019-05-20,0,0.0,0.0,0.0,182809.09652546878
2019-05-21,0,0.0,0.0,0.0,182809.09652546878
2019-05-22,2,-0.0424635259718949,0.007300519566415461,-0.04976404553831036,173711.77632115796
2019-05-23,0,0.0,0.0,0.0,173711.77632115796
2019-05-26,0,0.0,0.0,0.0,173711.77632115796
2019-05-27,0,0.0,0.0,0.0,173711.77632115796
2019-05-28,0,0.0,0.0,0.0,173711.77632115796
2019-05-29,0,0.0,0.0,0.0,173711.77632115796
2019-05-30,1,-0.015348288075560768,0.0071348815114065135,-0.02248316958696728,169806.18499487604
2019-06-02,0,0.0,0.0,0.0,169806.18499487604
2019-06-03,0,0.0,0.0,0.0,169806.18499487604
2019-06-04,0,0.0,0.0,0.0,169806.18499487604
2019-06-06,0,0.0,0.0,0.0,169806.18499487604
2019-06-10,0,0.0,0.0,0.0,169806.18499487604
2019-06-11,0,0.0,0.0,0.0,169806.18499487604
2019-06-12,0,0.0,0.0,0.0,169806.18499487604
2019-06-13,0,0.0,0.0,0.0,169806.18499487604
2019-06-16,0,0.0,0.0,0.0,169806.18499487604
2019-06-17,0,0.0,0.0,0.0,169806.18499487604
2019-06-18,0,0.0,0.0,0.0,169806.18499487604
2019-06-19,0,0.0,0.0,0.0,169806.18499487604
2019-06-20,0,0.0,0.0,0.0,169806.18499487604
2019-06-23,0,0.0,0.0,0.0,169806.18499487604
2019-06-24,0,0.0,0.0,0.0,169806.18499487604
2019-06-25,0,0.0,0.0,0.0,169806.18499487604
2019-06-26,0,0.0,0.0,0.0,169806.18499487604
2019-06-27,0,0.0,0.0,0.0,169806.18499487604
2019-06-30,0,0.0,0.0,0.0,169806.18499487604
2019-07-01,0,0.0,0.0,0.0,169806.18499487604
2019-07-02,0,0.0,0.0,0.0,169806.18499487604
2019-07-03,0,0.0,0.0,0.0,169806.18499487604
2019-07-04,0,0.0,0.0,0.0,169806.18499487604
2019-07-07,0,0.0,0.0,0.0,169806.18499487604
2019-07-08,0,0.0,0.0,0.0,169806.18499487604
2019-07-09,0,0.0,0.0,0.0,169806.18499487604
2019-07-10,0,0.0,0.0,0.0,169806.18499487604
2019-07-11,0,0.0,0.0,0.0,169806.18499487604
2019-07-14,0,0.0,0.0,0.0,169806.18499487604
2019-07-15,0,0.0,0.0,0.0,169806.18499487604
2019-07-16,0,0.0,0.0,0.0,169806.18499487604
2019-07-17,2,0.003186107560787077,0.007499898770820167,-0.00431379121003309,169073.6765666359
2019-07-18,1,-0.0010266940451745254,0.007192186968845695,-0.00821888101402022,167684.0801363318
2019-07-21,0,0.0,0.0,0.0,167684.0801363318
2019-07-22,2,0.018229805163889945,0.007559252362475462,0.010670552801414483,169473.36196738313
2019-07-23,4,0.010097755764746141,0.008717993051653694,0.0013797627130924476,169707.19499308814
2019-07-24,3,-0.010700094463527451,0.0077469599865536065,-0.018447054450081057,166576.5971264801
2019-07-25,0,0.0,0.0,0.0,166576.5971264801
2019-07-28,0,0.0,0.0,0.0,166576.5971264801
2019-07-29,0,0.0,0.0,0.0,166576.5971264801
2019-07-30,0,0.0,0.0,0.0,166576.5971264801
2019-07-31,1,0.004028197381671594,0.007214059493801715,-0.0031858621121301205,166045.9070569273
2019-08-01,0,0.0,0.0,0.0,166045.9070569273
2019-08-04,1,0.0009891196834816984,0.007204534007462903,-0.0062154143239812045,165013.86294776722
2019-08-05,0,0.0,0.0,0.0,165013.86294776722
2019-08-06,0,0.0,0.0,0.0,165013.86294776722
2019-08-07,0,0.0,0.0,0.0,165013.86294776722
2019-08-08,0,0.0,0.0,0.0,165013.86294776722
2019-08-11,0,0.0,0.0,0.0,165013.86294776722
2019-08-12,0,0.0,0.0,0.0,165013.86294776722
2019-08-13,0,0.0,0.0,0.0,165013.86294776722
2019-08-14,0,0.0,0.0,0.0,165013.86294776722
2019-08-15,0,0.0,0.0,0.0,165013.86294776722
2019-08-18,0,0.0,0.0,0.0,165013.86294776722
2019-08-19,1,0.00222717149220486,0.007210688586858153,-0.004983517094653293,164191.51354091224
2019-08-20,0,0.0,0.0,0.0,164191.51354091224
2019-08-21,0,0.0,0.0,0.0,164191.51354091224
2019-08-22,0,0.0,0.0,0.0,164191.51354091224
2019-08-25,0,0.0,0.0,0.0,164191.51354091224
2019-08-26,1,0.031353135313531455,0.007312690754817135,0.02404044455871432,168138.75051920395
2019-08-27,1,-0.009600000000000053,0.0071642534480933304,-0.01676425344809338,165320.02989105426
2019-08-28,0,0.0,0.0,0.0,165320.02989105426
2019-08-29,0,0.0,0.0,0.0,165320.02989105426
2019-09-01,0,0.0,0.0,0.0,165320.02989105426
2019-09-02,0,0.0,0.0,0.0,165320.02989105426
2019-09-03,0,0.0,0.0,0.0,165320.02989105426
2019-09-04,0,0.0,0.0,0.0,165320.02989105426
2019-09-05,0,0.0,0.0,0.0,165320.02989105426
2019-09-08,0,0.0,0.0,0.0,165320.02989105426
2019-09-09,0,0.0,0.0,0.0,165320.02989105426
2019-09-10,0,0.0,0.0,0.0,165320.02989105426
2019-09-11,0,0.0,0.0,0.0,165320.02989105426
2019-09-12,0,0.0,0.0,0.0,165320.02989105426
2019-09-15,2,-0.003609422492401204,0.007492434873959879,-0.011101857366361084,163484.67049940123
2019-09-16,1,0.036363636363636376,0.007331293617994275,0.0290323427456421,168231.01348699818
2019-09-17,0,0.0,0.0,0.0,168231.01348699818
2019-09-18,0,0.0,0.0,0.0,168231.01348699818
2019-09-19,0,0.0,0.0,0.0,168231.01348699818
2019-09-22,0,0.0,0.0,0.0,168231.01348699818
2019-09-23,0,0.0,0.0,0.0,168231.01348699818
2019-09-24,0,0.0,0.0,0.0,168231.01348699818
2019-09-25,0,0.0,0.0,0.0,168231.01348699818
2019-09-26,0,0.0,0.0,0.0,168231.01348699818
2019-09-29,0,0.0,0.0,0.0,168231.01348699818
2019-09-30,0,0.0,0.0,0.0,168231.01348699818
2019-10-01,0,0.0,0.0,0.0,168231.01348699818
2019-10-02,0,0.0,0.0,0.0,168231.01348699818
2019-10-03,0,0.0,0.0,0.0,168231.01348699818
2019-10-10,0,0.0,0.0,0.0,168231.01348699818
2019-10-14,0,0.0,0.0,0.0,168231.01348699818
2019-10-15,0,0.0,0.0,0.0,168231.01348699818
2019-10-16,0,0.0,0.0,0.0,168231.01348699818
2019-10-17,0,0.0,0.0,0.0,168231.01348699818
2019-10-20,0,0.0,0.0,0.0,168231.01348699818
2019-10-21,0,0.0,0.0,0.0,168231.01348699818
2019-10-22,0,0.0,0.0,0.0,168231.01348699818
2019-10-23,1,0.005025125628140614,0.007214547042931826,-0.0021894214147912113,167862.68490343774
2019-10-24,0,0.0,0.0,0.0,167862.68490343774
2019-10-31,0,0.0,0.0,0.0,167862.68490343774
2019-11-03,0,0.0,0.0,0.0,167862.68490343774
2019-11-04,1,-0.004347826086956497,0.007182862506064182,-0.011530688593020678,165927.11255742784
2019-11-05,1,0.0,0.007201337130679562,-0.007201337130679562,164732.21548078157
2019-11-06,0,0.0,0.0,0.0,164732.21548078157
2019-11-07,1,-0.010526315789473717,0.007167207111945881,-0.0176935229014196,161817.5222535708
2019-11-10,0,0.0,0.0,0.0,161817.5222535708
2019-11-11,1,-0.005291005291005346,0.0071907360552222865,-0.012481741346227633,159797.75779551428
2019-11-12,0,0.0,0.0,0.0,159797.75779551428
2019-11-13,0,0.0,0.0,0.0,159797.75779551428
2019-11-14,0,0.0,0.0,0.0,159797.75779551428
2019-11-17,0,0.0,0.0,0.0,159797.75779551428
2019-11-18,0,0.0,0.0,0.0,159797.75779551428
2019-11-19,1,-0.014084507042253502,0.007164303954932656,-0.02124881099718616,156402.24544234326
2019-11-20,0,0.0,0.0,0.0,156402.24544234326
2019-11-21,1,-0.008498583569405138,0.007190368391531424,-0.015688951960936563,153948.45812701574
2019-11-24,0,0.0,0.0,0.0,153948.45812701574
2019-11-25,0,0.0,0.0,0.0,153948.45812701574
2019-11-26,0,0.0,0.0,0.0,153948.45812701574
2019-11-27,0,0.0,0.0,0.0,153948.45812701574
2019-11-28,3,0.012428798737971388,0.00791723143312015,0.004511567304851239,154643.00695733386
2019-12-01,1,-0.01187648456057011,0.0071823514501397545,-0.019058836010709866,151695.69124753095
2019-12-02,0,0.0,0.0,0.0,151695.69124753095
2019-12-03,2,0.03374008352351243,0.007675617793048178,0.026064465730464254,155649.5583935113
2019-12-04,2,0.004476089748432388,0.0075579114059920885,-0.0030818216575597005,155169.8742134646
2019-12-05,2,-0.002888216652261577,0.00753449064426047,-0.010422707296522046,153552.5840332995
2019-12-08,2,0.020249666476081618,0.007621104053133868,0.01262856242294775,155491.73242596898
2019-12-09,3,-0.00480934774413766,0.007848089265239904,-0.012657437009377564,153523.6056173083
2019-12-10,0,0.0,0.0,0.0,153523.6056173083
2019-12-11,4,0.013087669798557189,0.00885181002053579,0.004235859778021399,154173.91008331947
2019-12-12,3,-0.011281741874119086,0.007834005251177391,-0.019115747125296477,151226.76060484853
2019-12-15,1,-0.0017361111111111605,0.007224639729891518,-0.008960750841002677,149871.65528257654
2019-12-16,0,0.0,0.0,0.0,149871.65528257654
2019-12-17,1,-0.010465116279069764,0.007197514136897748,-0.017662630415967513,147224.52762549112
2019-12-18,0,0.0,0.0,0.0,147224.52762549112
2019-12-19,1,0.003984063745019917,0.007253362343245611,-0.003269298598225694,146743.20668370067
2019-12-22,2,0.010052156371276988,0.007616142490694918,0.00243601388058207,147100.6751720633
2019-12-23,2,-0.012719791539069714,0.00753592325225357,-0.020255714791323286,144121.04585016688
2019-12-24,0,0.0,0.0,0.0,144121.04585016688
2019-12-25,1,0.005476451259583737,0.007265824350535411,-0.0017893730909516745,143863.15952888277
2019-12-26,1,0.020697167755991286,0.007318957723529855,0.01337821003246143,145787.7910929937
2019-12-29,2,0.02647498273589055,0.007677267184521108,0.018797715551369443,148528.26852082225
2019-12-30,3,-0.005947664802093633,0.008487605020447311,-0.014435269822540944,146384.22288844938
2019-12-31,1,0.025990099009900902,0.007331232705918314,0.01865886630398259,149115.58653233736
2020-01-01,1,0.0193003618817853,0.007301896601774088,0.011998465280011212,150904.7447200541
2020-01-02,1,0.029585798816567976,0.007333405849581326,0.02225239296698665,154262.73640014755
2020-01-05,4,0.0006829513813335353,0.00879905045109929,-0.008116099069765756,153010.7247487508
2020-01-06,2,0.024772252090800473,0.007639013229527703,0.01713323886127277,155632.2940442076
2020-01-07,4,-0.0019558188382668706,0.008777746010712338,-0.010733564848979209,153961.8047234887
2020-01-08,0,0.0,0.0,0.0,153961.8047234887
2020-01-09,3,0.07467375440949398,0.008131892065835346,0.06654186234365864,164206.70993958032
2020-01-12,6,0.007441066196819317,0.009354869535215122,-0.0019138033383958057,163892.45058991096
2020-01-13,0,0.0,0.0,0.0,163892.45058991096
2020-01-14,0,0.0,0.0,0.0,163892.45058991096
2020-01-15,3,0.02334960018184769,0.007895790467664672,0.015453809714183019,166425.21333491858
2020-01-16,5,0.017194625258593454,0.00906665607745733,0.008127969181136124,167777.9123398688
2020-01-19,6,-0.020378272962776316,0.009211659512503712,-0.02958993247528003,162813.37524288864
2020-01-20,0,0.0,0.0,0.0,162813.37524288864
2020-01-21,1,0.004081632653061273,0.007221181709200267,-0.003139549056138994,162302.21466431802
2020-01-22,1,0.028037383177569986,0.007304796240812968,0.020732586936757016,165667.15943987417
2020-01-23,2,-0.01947007089652697,0.007436448190330133,-0.0269065190868571,161209.6328523398
2020-01-26,3,0.020238203131389687,0.00790028729065025,0.012337915840739438,163198.62373518848
2020-01-27,2,0.048952551477171036,0.007681636567955483,0.041270914909215556,169933.98024866453
2020-01-28,4,0.02091518618854485,0.008755359598035169,0.01215982659050968,172000.3479803234
2020-01-29,1,0.01025641025641022,0.007226081701681905,0.003030328554728315,172521.5655462314
2020-01-30,2,0.040909090909090895,0.0076207740436178995,0.033288316865473,178264.5180862618
2020-02-02,3,0.0031485633571294303,0.007752308736073501,-0.004603745378944071,177443.8336348925
2020-02-03,2,-0.03275970774765419,0.007350537616938614,-0.0401102453645928,170326.51792936298
2020-02-04,0,0.0,0.0,0.0,170326.51792936298
2020-02-05,0,0.0,0.0,0.0,170326.51792936298
2020-02-06,1,-0.009777777777777774,0.007159820486752014,-0.01693759826452979,167441.5957948792
2020-02-09,0,0.0,0.0,0.0,167441.5957948792
2020-02-10,3,0.039111111111111097,0.007930768082685306,0.03118034302842579,172662.48218899054
2020-02-11,5,0.025984729131902994,0.009045354271427093,0.0169393748604759,175587.27669913007
2020-02-12,3,0.033969588711253516,0.00787147110161667,0.026098117609636845,180169.77409717982
2020-02-13,4,0.05820303520102066,0.008828325492380766,0.04937470970863989,189065.6043914993
2020-02-16,5,0.004597308225529018,0.008839532243495494,-0.004242224017966476,188263.54574357835
2020-02-17,3,-0.004303740747515013,0.007681907511979741,-0.011985648259494754,186007.0851042105
2020-02-18,1,0.07620660457239636,0.007431719750692192,0.06877488482170417,198799.70095827352
2020-02-19,2,0.06948452439691155,0.0076427404744793545,0.0618417839224322,211093.8291087792
2020-02-20,4,0.04647991135681023,0.008007801675166718,0.03847210968164352,219215.05405537027
2020-02-23,6,-0.0037874719614724253,0.008854316132685091,-0.012641788094157516,216443.783794953
2020-02-24,0,0.0,0.0,0.0,216443.783794953
2020-02-25,4,0.020781820776112764,0.007964751291399666,0.012817069484713098,219217.95881138713
2020-02-26,2,0.09885057471264369,0.007697201489066891,0.0911533732235768,239200.4152282322
2020-02-27,3,-0.02567642098199674,0.007438505560048795,-0.033114926542045536,231279.3110491225
2020-03-01,1,-0.09828674481514876,0.006777099544567402,-0.10506384435971616,206980.2175094351
2020-03-02,4,-0.009059253009299273,0.007904628520066783,-0.016963881529366058,203469.02962068265
2020-03-03,6,-0.05153825870650917,0.008781157394854593,-0.06031941610136376,191195.896559252
2020-03-04,4,0.009241086361412493,0.008502102215877211,0.0007389841455352816,191337.18729550068
2020-03-05,8,-0.06691131082880389,0.00933963280964559,-0.07625094363844948,176747.546211092
2020-03-10,4,0.05528617676005576,0.008838880597662555,0.04644729616239321,184956.99183593487
2020-03-11,4,-0.03963688869809254,0.008432694132917756,-0.048069582831010295,176066.18639670292
2020-03-12,0,0.0,0.0,0.0,176066.18639670292
2020-03-15,6,0.003961745370635668,0.009218761230870145,-0.005257015860234477,175140.60366236445
2020-03-16,7,-0.03502245375309222,0.009367060189453177,-0.0443895139425454,167366.1973941881
2020-03-17,0,0.0,0.0,0.0,167366.1973941881
2020-03-18,2,0.0019685039370078705,0.007504283553599522,-0.005535779616591651,166439.69501014688
2020-03-19,7,-0.01532469258135952,0.009545396145622737,-0.024870088726982258,162300.32502755267
2020-03-22,0,0.0,0.0,0.0,162300.32502755267
2020-05-12,0,0.0,0.0,0.0,162300.32502755267
2020-05-13,0,0.0,0.0,0.0,162300.32502755267
2020-06-29,4,0.08872535345588062,0.009065003497973016,0.0796603499579076,175229.22571752965
2020-06-30,7,0.08045682571014846,0.009799096800911082,0.07065772890923738,187610.52484525443
2020-07-01,4,-0.05576007583942083,0.00835693798912102,-0.06411701382854185,175581.49822937127
2020-07-02,0,0.0,0.0,0.0,175581.49822937127
2020-07-05,0,0.0,0.0,0.0,175581.49822937127
2020-07-06,0,0.0,0.0,0.0,175581.49822937127
2020-07-07,0,0.0,0.0,0.0,175581.49822937127
2020-07-08,0,0.0,0.0,0.0,175581.49822937127
2020-07-09,1,0.039087947882736174,0.00731962146525838,0.031768326417477795,181159.42857799173
2020-07-12,2,0.0036335804060586563,0.00746453582714662,-0.0038309554210879636,180465.41488299967
2020-07-13,0,0.0,0.0,0.0,180465.41488299967
2020-07-14,3,-0.0038543562947565,0.007717886662486796,-0.011572242957243295,178377.0252565939
2020-07-15,2,0.007680553501731913,0.0074871082227990085,0.0001934452789329041,178411.53144999986
2020-07-16,5,0.08366014241175676,0.009214980250979596,0.07444516216077716,191693.40684014768
2020-07-19,6,-0.027313583992160922,0.008962573112136434,-0.03627615710429735,184739.5066977565
2020-07-20,0,0.0,0.0,0.0,184739.5066977565
2020-07-21,0,0.0,0.0,0.0,184739.5066977565
2020-07-22,0,0.0,0.0,0.0,184739.5066977565
2020-07-23,1,0.05785123966942152,0.0073702381437152275,0.05048100152570629,194065.34201722417
2020-07-26,0,0.0,0.0,0.0,194065.34201722417
2020-07-27,0,0.0,0.0,0.0,194065.34201722417
2020-07-28,0,0.0,0.0,0.0,194065.34201722417
2020-07-29,0,0.0,0.0,0.0,194065.34201722417
2020-07-30,1,-0.03642773207990602,0.00703196950444908,-0.043459701584355095,185631.3201652898
2020-08-02,5,0.006568171521955657,0.008871386135639295,-0.0023032146136836382,185203.7713959277
2020-08-03,0,0.0,0.0,0.0,185203.7713959277
2020-08-05,0,0.0,0.0,0.0,185203.7713959277
2020-08-06,1,0.024671052631578982,0.007255088035603188,0.017415964595975796,188429.27372160036
2020-08-09,0,0.0,0.0,0.0,188429.27372160036
2020-08-10,0,0.0,0.0,0.0,188429.27372160036
2020-08-11,0,0.0,0.0,0.0,188429.27372160036
2020-08-12,0,0.0,0.0,0.0,188429.27372160036
2020-08-13,0,0.0,0.0,0.0,188429.27372160036
2020-08-16,0,0.0,0.0,0.0,188429.27372160036
2020-08-17,0,0.0,0.0,0.0,188429.27372160036
2020-08-18,0,0.0,0.0,0.0,188429.27372160036
2020-08-19,0,0.0,0.0,0.0,188429.27372160036
2020-08-20,0,0.0,0.0,0.0,188429.27372160036
2020-08-23,0,0.0,0.0,0.0,188429.27372160036
2020-08-24,0,0.0,0.0,0.0,188429.27372160036
2020-08-25,1,0.022556390977443552,0.007243171099682029,0.015313219877761523,191314.73262150612
2020-08-26,3,-0.010539059852598323,0.0076476885911951585,-0.018186748443793484,187835.33970572718
2020-08-27,2,0.010435718128025795,0.007468384408615843,0.0029673337194099517,188392.70984293282
2020-08-30,1,0.0027210884353741083,0.007174790806216313,-0.0044537023708422045,187553.66478445596
2020-08-31,2,0.04629411610810247,0.007592895431085066,0.0387012206770174,194812.22055406254
2020-09-02,5,0.0002524082934475702,0.008784233582030695,-0.008531825288583124,193150.11672421437
2020-09-03,3,-0.001751684157001628,0.007670554718921638,-0.009422238875923266,191330.21018552635
2020-09-06,1,-0.024390243902439046,0.007077181966029253,-0.0314674258684683,185309.54098011483
2020-09-07,1,-0.0007418397626113293,0.007167259463742307,-0.007909099226353637,183843.90943291306
2020-09-08,1,0.0021505376344086446,0.0071793892022719505,-0.005028851567863306,182919.38570071926
2020-09-09,1,0.013138686131386912,0.007218672923283304,0.005920013208103608,184002.2708800857
2020-09-10,3,0.0139830727787984,0.007763448931314617,0.006219623847483783,185146.69579204268
2020-09-13,5,0.008359562139142528,0.008881629004028023,-0.0005220668648854947,185050.03683702662
2020-09-14,2,0.0174825174825175,0.007500709065717159,0.009981808416800343,186897.1708522557
2020-09-15,0,0.0,0.0,0.0,186897.1708522557
2020-09-16,2,0.07993261421638886,0.0077108210971397655,0.0722217931192491,200395.21966012023
2020-09-17,5,-0.007904929875209122,0.008717891261671114,-0.016622821136880236,197064.08576702423
2020-09-20,2,-0.0018668831168831002,0.007401008388946818,-0.009267891505829918,195237.7172004399
2020-09-21,2,-0.014433822104515215,0.007362399427451075,-0.021796221531966288,190982.2726649437
2020-09-22,0,0.0,0.0,0.0,190982.2726649437
2020-09-23,1,0.09444444444444455,0.007487637736968844,0.08695680670747571,207589.48123362364
2020-09-24,1,-0.02030456852791873,0.007070809226776875,-0.027375377754695607,201906.6407669519
2020-09-27,0,0.0,0.0,0.0,201906.6407669519
2020-09-28,2,-0.006507926548139031,0.007372826063371789,-0.01388075261151082,199104.02463584466
2020-09-29,0,0.0,0.0,0.0,199104.02463584466
2020-09-30,0,0.0,0.0,0.0,199104.02463584466
2020-10-01,1,0.03493449781659397,0.007271649026574667,0.0276628487900193,204611.8091628303
2020-10-04,0,0.0,0.0,0.0,204611.8091628303
2020-10-05,0,0.0,0.0,0.0,204611.8091628303
2020-10-06,1,0.009652509652509744,0.007177666330597787,0.002474843321911957,205118.19133232124
2020-10-07,2,0.00953468684775155,0.007420418469198354,0.0021142683785531965,205551.86623812118
2020-10-08,0,0.0,0.0,0.0,205551.86623812118
2020-10-11,0,0.0,0.0,0.0,205551.86623812118
2020-10-12,0,0.0,0.0,0.0,205551.86623812118
2020-10-13,0,0.0,0.0,0.0,205551.86623812118
2020-10-14,0,0.0,0.0,0.0,205551.86623812118
2020-10-15,0,0.0,0.0,0.0,205551.86623812118
2020-10-18,0,0.0,0.0,0.0,205551.86623812118
2020-10-19,0,0.0,0.0,0.0,205551.86623812118
2020-10-20,0,0.0,0.0,0.0,205551.86623812118
2020-10-21,3,0.010666003586250769,0.007666540539549004,0.002999463046701765,206168.41146508302
2020-10-22,4,0.020923911602675038,0.007942268210007587,0.012981643392667452,208844.81626155548
2020-10-28,5,-0.00013170893052296683,0.008696567165254892,-0.008828276095777859,207001.07656242646
2020-10-29,2,0.005596017426318045,0.007402395535117115,-0.0018063781087990696,206627.15434922627
2020-11-01,2,0.0032021953215905508,0.007395011069920548,-0.004192815748329997,205760.80476243823
2020-11-02,3,-0.001908733105060345,0.007622416685167025,-0.009531149790227369,203799.6677112897
2020-11-03,3,-0.0021547523978587093,0.007628583005945282,-0.009783335403803991,201805.82720688634
2020-11-04,0,0.0,0.0,0.0,201805.82720688634
2020-11-05,2,0.0164168819982774,0.007452164072767555,0.008964717925509845,203614.95952352026
2020-11-08,4,-0.0023300449346055074,0.007946968639527843,-0.01027701357413335,201522.40582060043
2020-11-09,3,0.003268992449827035,0.007655612131066193,-0.0043866196812391576,200638.4036690171
2020-11-10,4,0.009227901793329996,0.007928654399403087,0.0012992473939269084,200899.08259210573
2020-11-11,4,-0.001413339945757791,0.007965277088800042,-0.009378617034557833,199014.92703388038
2020-11-12,1,0.016949152542372836,0.007209712012302746,0.00973944053007009,200953.2210803231
2020-11-18,5,0.017690375364072097,0.008810409535873934,0.008879965828198163,202737.67881658272
2020-11-19,3,-0.007714365701487758,0.007613257774225088,-0.015327623475712846,199630.19201134215
2020-11-22,2,0.013314698663757785,0.007446861943002706,0.005867836720755078,200801.58938259768
2020-11-23,1,-0.0032467532467532756,0.007137800714448768,-0.010384553961202043,198716.35444215895
2020-11-24,2,0.05162720719125269,0.007581343708577449,0.04404586348267524,207468.9878616932
2020-11-25,6,0.01737739090094183,0.009011164461799524,0.008366226439142307,209204.72039324377
2020-11-26,5,0.06016114876180891,0.008920606024501001,0.05124054273730791,219924.48380940032
2020-11-29,6,0.025393869866427738,0.008959331611921676,0.01643453825450606,223538.84115166843
2020-11-30,2,0.015762884147605738,0.007401731500323912,0.008361152647281826,225407.883525134
2020-12-01,1,0.10000000000000009,0.0074668201032637126,0.09253317989673637,246265.59176150782
2020-12-02,4,0.0044163727250426665,0.007727367805463436,-0.0033109950804207696,245450.20759870857
2020-12-03,0,0.0,0.0,0.0,245450.20759870857
2020-12-06,1,0.06779661016949157,0.007337605608855888,0.06045900456063568,260289.88281932788
2020-12-07,3,0.008335889049413106,0.007505039379397061,0.0008308496700160451,260506.14458257682
2020-12-08,0,0.0,0.0,0.0,260506.14458257682
2020-12-09,0,0.0,0.0,0.0,260506.14458257682
2020-12-10,0,0.0,0.0,0.0,260506.14458257682
2020-12-13,1,0.09975429975429972,0.007436086386533777,0.09231821336776595,284555.60642176523
2020-12-14,3,-0.0042368282436034965,0.007412520685112674,-0.01164934892871617,281240.7188729357
2020-12-15,1,-0.02957486136783738,0.0069757503728413,-0.03655061174067868,270961.19855174166
2020-12-16,3,-0.010496031746031717,0.007417373487125061,-0.01791340523315678,266107.3607996225
2020-12-17,2,-0.06165540540540543,0.00706307702834695,-0.06871848243375238,247820.86680102145
2020-12-20,4,0.009731013858127524,0.0077406065408725765,0.0019904073172549476,248314.13126767066
2020-12-21,2,0.043442307692307724,0.00745259166478696,0.03598971602752077,257250.88633761462
2020-12-22,5,0.017878794711947022,0.007933495791784368,0.009945298920162654,259809.323299719
2020-12-23,1,-0.04298186702484885,0.006944161387639898,-0.04992602841248875,246838.07564282775
2020-12-24,1,-0.01949860724233987,0.00703529174716887,-0.026533898989508743,240288.49907695624
2020-12-27,0,0.0,0.0,0.0,240288.49907695624
2020-12-28,0,0.0,0.0,0.0,240288.49907695624
2020-12-29,0,0.0,0.0,0.0,240288.49907695624
2020-12-30,0,0.0,0.0,0.0,240288.49907695624
2020-12-31,1,0.03559870550161803,0.007230898734766595,0.02836780676685144,247104.95678706808
2021-01-03,3,-0.0006522316136800358,0.007504779307545477,-0.008157010921225514,245089.318955867
2021-01-04,0,0.0,0.0,0.0,245089.318955867
2021-01-05,1,0.031704095112285335,0.007213386386442278,0.02449070872584306,251091.73007823038
2021-01-06,1,0.07426376440460958,0.007355340400548911,0.06690842400406066,267891.88201821776
2021-01-07,2,-0.0017818732452379304,0.00726713745824528,-0.00904901070348321,265467.72551045864
2021-01-10,1,-0.000888099467140302,0.007085282869633995,-0.007973382336774297,263351.0498368899
2021-01-11,2,0.015949960434674892,0.007334748652106362,0.00861521178256853,265619.8749043965
2021-01-12,3,0.025208511300627068,0.007551686142255314,0.017656825158371754,270309.87859417195
2021-01-13,1,0.057993730407523536,0.007285051261980933,0.050708679145542605,284016.9354976744
2021-01-17,2,0.0015455365979989422,0.007257423781376371,-0.005711887183377429,282394.6628039431
2021-01-18,1,-0.015317286652078765,0.007024212531690672,-0.022341499183769438,276085.54267540795
2021-01-19,1,0.0728895500185942,0.007332572237202118,0.06555697778139209,294184.8764623432
2021-01-20,2,0.04669486710019577,0.007401019592065741,0.03929384750813003,305744.5321372526
2021-01-21,2,0.020576131687242816,0.007298058098724255,0.013278073588518562,309804.23053425824
2021-01-24,1,0.012150668286755817,0.007103312049697062,0.005047356237058755,311367.92284951254
2021-01-25,1,-0.020408163265306145,0.006990173567641399,-0.027398336832947543,302836.9596203064
2021-01-26,1,0.0809954751131221,0.007344539731839158,0.07365093538128295,325141.18496436573
2021-01-27,3,0.02732081241347961,0.007455594852069451,0.01986521756141016,331600.1853418576
2021-01-28,3,-0.034254495722074174,0.007234173968529181,-0.04148866969060336,317842.5347828664
2021-01-31,2,0.0023985693145393006,0.007222896265065096,-0.0048243269505257955,316309.15847629
2021-02-01,1,0.03626943005181338,0.007183202730929375,0.029086227320884003,325509.39856340893
2021-02-02,2,0.01593348311209075,0.007262181308318573,0.008671301803772178,328331.98879831657
2021-02-03,0,0.0,0.0,0.0,328331.98879831657
2021-02-04,2,0.05219711236660385,0.0073846498128060855,0.04481246255379776,343045.3537515551
2021-02-07,3,-0.013090812372281527,0.0072920966641380775,-0.020382909036419605,336053.0915106708
2021-02-08,0,0.0,0.0,0.0,336053.0915106708
2021-02-09,0,0.0,0.0,0.0,336053.0915106708
2021-02-10,1,0.008928571428571397,0.0070795895854932935,0.0018489818430781034,336674.4475751842
2021-02-11,1,-0.010309278350515427,0.007012944408837951,-0.017322222759353377,330842.49779690464
2021-02-14,0,0.0,0.0,0.0,330842.49779690464
2021-02-15,3,0.0243721103030005,0.007437471724956536,0.016934638578043962,336445.19592335256
2021-02-16,0,0.0,0.0,0.0,336445.19592335256
2021-02-17,0,0.0,0.0,0.0,336445.19592335256
2021-02-18,0,0.0,0.0,0.0,336445.19592335256
2021-02-21,1,0.012522361359570633,0.007091814760589723,0.00543054659898091,338272.27723781765
2021-02-22,2,0.02293363385281194,0.007274740887217295,0.015658892965594647,343569.2466203126
2021-02-23,1,0.011235955056179803,0.0070842951147117045,0.004151659941468098,344995.62929862656
2021-02-24,1,-0.03245192307692313,0.006932970237683184,-0.03938489331460631,331408.0132446947
2021-02-25,0,0.0,0.0,0.0,331408.0132446947
2021-02-28,3,0.012219519155967676,0.007394771623197337,0.004824747532770339,333006.9732389373
2021-03-01,0,0.0,0.0,0.0,333006.9732389373
2021-03-02,0,0.0,0.0,0.0,333006.9732389373
2021-03-03,5,0.04240873862466663,0.007797045178120741,0.03461169344654589,344532.9085122455
2021-03-04,0,0.0,0.0,0.0,344532.9085122455
2021-03-07,0,0.0,0.0,0.0,344532.9085122455
2021-03-09,2,-0.1419001381243944,0.00670069255937492,-0.1486008306837693,293335.03210943076
2021-03-10,0,0.0,0.0,0.0,293335.03210943076
2021-03-14,4,-0.013468342348219892,0.007535348452138224,-0.021003690800358115,287173.91379409115
2021-03-15,5,-0.007385024675286766,0.007745074274252654,-0.01513009894953942,282828.94406266004
2021-03-16,2,0.02212041079884386,0.007329886019202061,0.014790524779641798,287012.13256821875
2021-03-17,1,0.015524625267665959,0.007127768620593332,0.008396856647072626,289422.1323013647
2021-03-18,0,0.0,0.0,0.0,289422.1323013647
2021-03-21,2,-0.08844477867669792,0.006940381591430071,-0.09538516026812799,261815.55582665568
2021-03-22,1,-0.02692307692307694,0.006998089522275502,-0.03392116644535244,252934.46677947722
2021-03-23,1,0.029611351017890142,0.007199838823402663,0.02241151219448748,258603.11066611166
2021-03-24,4,-0.014167839948300898,0.007624506854168629,-0.021792346802469525,252967.54199427835
2021-03-25,0,0.0,0.0,0.0,252967.54199427835
2021-03-29,0,0.0,0.0,0.0,252967.54199427835
2021-03-30,5,0.005478969307044323,0.007907171524122954,-0.002428202217078631,252353.28564795892
2021-03-31,0,0.0,0.0,0.0,252353.28564795892
2021-04-01,1,0.06666666666666665,0.007328134927673388,0.05933853173899326,267327.55909781955
2021-04-04,3,-0.0017181996561000945,0.007455181587661601,-0.009173381243761696,264875.26148125104
2021-04-05,2,0.050000000000000044,0.007450036201156628,0.04254996379884342,276145.69426848745
2021-04-06,2,0.0114619841213075,0.007301671526640092,0.004160312594667408,277294.54667831585
2021-04-07,3,0.003864234296626745,0.007454272646641048,-0.0035900383500143025,276299.0486214909
2021-04-08,1,0.013533834586466176,0.007127655074110269,0.0064061795123559065,278069.06992605334
2021-04-12,5,0.009168685140830801,0.007830689165842099,0.0013379959749887024,278441.12522238324
2021-04-13,2,0.007487922705313954,0.007284975683157313,0.0002029470221566413,278497.63401959307
2021-04-15,1,-0.021739130434782594,0.007004534738871363,-0.028743665173653957,270492.59127567906
2021-04-18,0,0.0,0.0,0.0,270492.59127567906
2021-04-19,1,0.024215246636771326,0.0071683905472461245,0.017046856089525202,275103.63955243834
2021-04-20,0,0.0,0.0,0.0,275103.63955243834
2021-04-21,0,0.0,0.0,0.0,275103.63955243834
2021-04-22,0,0.0,0.0,0.0,275103.63955243834
2021-04-25,0,0.0,0.0,0.0,275103.63955243834
2021-04-26,10,0.04188149943291797,0.009474552479016246,0.03240694695390172,284018.9086062395
2021-04-27,0,0.0,0.0,0.0,284018.9086062395
2021-04-28,0,0.0,0.0,0.0,284018.9086062395
2021-04-29,0,0.0,0.0,0.0,284018.9086062395
2021-05-02,1,-0.01320132013201325,0.007030500062592637,-0.020231820194605888,278272.68911544984
2021-05-03,1,0.0038975501113585054,0.007093126415710728,-0.0031955763043522226,277383.4475039641
2021-05-04,1,0.02614379084967311,0.0071704519677064,0.01897333888196671,282646.33765370504
2021-05-05,0,0.0,0.0,0.0,282646.33765370504
2021-05-06,0,0.0,0.0,0.0,282646.33765370504
2021-05-09,1,0.0061295971978985175,0.007098046625164813,-0.0009684494272662958,282372.6089698854
2021-05-10,1,0.005221932114882533,0.007095086664936111,-0.0018731545500535783,281843.68143258296
2021-05-11,2,-0.003215317070880186,0.007243713761993202,-0.010459030832873388,278895.86967842904
2021-05-12,0,0.0,0.0,0.0,278895.86967842904
2021-05-13,1,0.0,0.007079278381059033,-0.007079278381059033,276921.4881776479
2021-05-16,3,0.012474651358687158,0.007484707321487447,0.004989944037199711,278303.31090635236
2021-05-17,3,0.03218712420342958,0.007550025871303575,0.02463709833212601,285159.8969433084
2021-05-18,3,0.012092404907892984,0.007467739466766534,0.00462466544112645,286478.6660638973
2021-05-19,1,0.004566210045662045,0.007090286490895868,-0.002524076445233823,285755.5720108234
2021-05-20,0,0.0,0.0,0.0,285755.5720108234
2021-05-23,4,0.00686334700639582,0.007623577410360025,-0.0007602304039642047,285538.3319368786
2021-05-24,5,-0.001639964195884036,0.007769881314021627,-0.009409845509905663,282851.4603461964
2021-05-25,3,0.006848733257126057,0.0074539418138750676,-0.0006052085567490109,282680.27622210595
2021-05-27,2,0.010613005697467426,0.00729037142224088,0.003322634275226546,283619.5193968121
2021-05-30,3,-0.008896553161205634,0.007398184453755334,-0.016294737614960968,278998.01374575973
2021-05-31,1,-0.010294117647058787,0.007043698039501429,-0.017337815686560218,274160.79760651937
2021-06-01,0,0.0,0.0,0.0,274160.79760651937
2021-06-02,0,0.0,0.0,0.0,274160.79760651937
2021-06-03,0,0.0,0.0,0.0,274160.79760651937
2021-06-06,2,0.00894166520683698,0.007295598194458267,0.0016460670123787128,274612.0846515469
2021-06-07,1,0.023186237845923774,0.007162067537636403,0.016024170308287372,279012.5154647171
2021-06-08,1,-0.012426900584795342,0.00703633062375588,-0.019463231208551222,273582.03036614787
2021-06-09,1,0.09812108559498967,0.007421278286750129,0.09069980730823954,298395.8678033544
2021-06-10,1,0.09125475285171092,0.007382391539435545,0.08387236131227538,323423.0338418473
2021-06-13,1,0.010454545454545494,0.007090664468316595,0.0033638809862288994,324510.9904358964
2021-06-14,2,-0.010408921933085513,0.007172245192309384,-0.017581167125394898,318805.70847901545
2021-06-15,0,0.0,0.0,0.0,318805.70847901545
2021-06-16,0,0.0,0.0,0.0,318805.70847901545
2021-06-17,1,0.0,0.007056835334720147,-0.007056835334720147,316555.94909051026
2021-06-20,2,-0.031175059952038342,0.007108345966345897,-0.038283405918384236,304437.10919559887
2021-06-21,3,0.023697375388031554,0.007474468546375518,0.016222906841656035,309375.9640572221
2021-06-22,1,-0.025540275049115935,0.00697350170907896,-0.0325137767581949,299316.9830275143
2021-06-23,0,0.0,0.0,0.0,299316.9830275143
2021-06-24,0,0.0,0.0,0.0,299316.9830275143
2021-06-27,0,0.0,0.0,0.0,299316.9830275143
2021-06-28,0,0.0,0.0,0.0,299316.9830275143
2021-06-29,1,-0.004524886877828038,0.007051436126694592,-0.01157632300452263,295851.9929512486
2021-06-30,0,0.0,0.0,0.0,295851.9929512486
2021-07-01,0,0.0,0.0,0.0,295851.9929512486
2021-07-04,0,0.0,0.0,0.0,295851.9929512486
2021-07-05,0,0.0,0.0,0.0,295851.9929512486
2021-07-06,0,0.0,0.0,0.0,295851.9929512486
2021-07-07,0,0.0,0.0,0.0,295851.9929512486
2021-07-08,0,0.0,0.0,0.0,295851.9929512486
2021-07-11,1,-0.005204460966542701,0.0070510480343212115,-0.012255509000863913,292226.176188711
2021-07-12,0,0.0,0.0,0.0,292226.176188711
2021-07-13,1,0.0014847809948033142,0.007076222840924343,-0.005591441846121029,290592.2105186375
2021-07-14,0,0.0,0.0,0.0,290592.2105186375
2021-07-15,1,0.0596026490066226,0.007277691562600174,0.05232495744402242,305797.4355675896
2021-07-18,5,0.006246841185837293,0.007739086253864709,-0.0014922450680274158,305341.11085254845
2021-07-19,1,0.0,0.007063751287405729,-0.007063751287405729,303184.25718766585
2021-07-20,1,-0.009534928974508583,0.007032020709566363,-0.016566949684074947,298161.41885383416
2021-07-22,2,0.03819709702062646,0.007367168783125768,0.030829928237500692,307353.7140002892
2021-07-25,5,-0.001292768157675739,0.007708935033800782,-0.00900170319147652,304587.00709206064
2021-07-26,3,0.010625068800704573,0.007429126607582178,0.003195942193122396,305560.44955950306
2021-07-27,1,-0.016689847009735748,0.007006053770573633,-0.02369590078030938,298319.91946435435
2021-07-28,3,-0.030885682548183652,0.0072962602992534265,-0.038181942847437075,286929.48534911434
2021-07-29,0,0.0,0.0,0.0,286929.48534911434
2021-08-01,3,0.020525087701431428,0.007493588080111161,0.013031499621320268,290668.60682878696
2021-08-02,3,0.021405357578793877,0.007489900084941211,0.013915457493852666,294713.3934719103
2021-08-03,3,0.03750152589470068,0.007538349328256429,0.029963176566444254,303543.94291700516
2021-08-04,2,-0.026233624454148452,0.007138935588303483,-0.03337256004245193,293413.90445648483
2021-08-05,0,0.0,0.0,0.0,293413.90445648483
2021-08-08,3,0.011371437993734154,0.007450454677571335,0.003920983316162818,294564.37548058893
2021-08-09,0,0.0,0.0,0.0,294564.37548058893
2021-08-10,4,-0.0021881298582617226,0.0075714196822493866,-0.00975954954051111,291689.55986521643
2021-08-11,2,-0.00710237562586552,0.007218327037871527,-0.014320702663737047,287512.3604082703
2021-08-12,1,-0.009216589861751112,0.007042108331781111,-0.016258698193532223,282837.7837134822
2021-08-15,2,0.00788374278426629,0.007280758464257775,0.0006029843200085153,283008.33046216745
2021-08-16,2,0.006856103031697092,0.0072770000447188584,-0.00042089701302176676,282889.21310121566
2021-08-17,1,0.015037593984962516,0.00712862733643042,0.007908966648532096,285126.57445286267
2021-08-18,2,0.0420184148634255,0.00739568496154849,0.03462272990187701,294998.4348279916
2021-08-19,1,-0.05374368396876439,0.006884076715001995,-0.06062776068376639,277113.34031915443
2021-08-24,0,0.0,0.0,0.0,277113.34031915443
2021-08-25,1,0.007037974683544279,0.007104712600478628,-6.673791693434863e-05,277094.84635206684
2021-08-26,1,0.07564191533657172,0.007341408238163579,0.06830050709840814,296020.56487226853
2021-08-29,1,-0.00647465952221471,0.007046569608585308,-0.013521229130800018,292018.00298720173
2021-08-31,2,0.005915211648733987,0.007262852120508416,-0.0013476404717744292,291624.46770788945
2021-09-01,0,0.0,0.0,0.0,291624.46770788945
2021-09-02,1,-0.04153354632587858,0.0069281626428466326,-0.04846170896872521,277491.8476256703
2021-09-05,6,0.06250358361955237,0.008760505177623078,0.05374307844192929,292405.1137596126
2021-09-06,2,-0.031350977891156484,0.007133830409239906,-0.03848480830039639,281151.95901051833
2021-09-07,0,0.0,0.0,0.0,281151.95901051833
2021-09-08,1,-0.007216494845360799,0.0070529428637599164,-0.014269437709120716,277140.0786446205
2021-09-09,0,0.0,0.0,0.0,277140.0786446205
2021-09-12,0,0.0,0.0,0.0,277140.0786446205
2021-09-13,0,0.0,0.0,0.0,277140.0786446205
2021-09-14,0,0.0,0.0,0.0,277140.0786446205
2021-09-15,1,-0.031541537094624594,0.006971595876901568,-0.038513132971526164,266466.545944041
2021-09-16,3,-0.06478021893491077,0.0072394306913500985,-0.07201964962626087,247275.71866803122
2021-09-20,9,0.009230191950842022,0.009354444145488257,-0.00012425219464623494,247244.99411730398
2021-09-21,5,0.03921238210857401,0.008346425535917993,0.030865956572656013,254876.4473685353
2021-09-22,1,-0.003258793122822734,0.007084930645098211,-0.010343723767920945,252240.07580200615
2021-09-23,0,0.0,0.0,0.0,252240.07580200615
2021-09-26,1,-0.1443478260869565,0.006600223854163631,-0.15094804994112015,214164.928242693
2021-09-27,2,-0.0324868226747006,0.0072548503219531215,-0.039741672996653724,205653.65569712006
2021-09-28,7,0.026640662653327127,0.009301792970745515,0.017338869682581613,209219.45763299894
2021-09-29,2,-0.018014842300556555,0.007315815810760994,-0.025330658111317548,203919.79108146217
2021-09-30,0,0.0,0.0,0.0,203919.79108146217
2021-10-03,0,0.0,0.0,0.0,203919.79108146217
2021-10-04,0,0.0,0.0,0.0,203919.79108146217
2021-10-05,1,0.01210875028558367,0.0071869696334914655,0.004921780652092204,204923.43956378562
2021-10-06,2,-0.018101992656610777,0.007325535249759634,-0.02542752790637041,199712.74308560806
2021-10-10,2,-0.01020722832120391,0.007365504237518109,-0.017572732558722017,196203.2444627959
2021-10-11,0,0.0,0.0,0.0,196203.2444627959
2021-10-17,0,0.0,0.0,0.0,196203.2444627959
2021-10-18,0,0.0,0.0,0.0,196203.2444627959
2021-10-19,7,0.03137578267800421,0.009401523671882676,0.021974259006121537,200514.66537446278
2021-10-20,1,-0.012919896640826822,0.007104784676124651,-0.020024681316951475,196499.42310096402
2021-10-21,0,0.0,0.0,0.0,196499.42310096402
2021-10-24,1,0.09987608426270134,0.007499026163958629,0.0923770580987427,214651.46172513117
2021-10-25,1,0.07706173952230722,0.0073987987549599486,0.06966294076734726,229604.71378891348
2021-10-26,2,0.0123679836944669,0.007378200671786839,0.00498978302268006,230750.39149170474
2021-10-27,1,-0.00498132004981322,0.007099498801927265,-0.012080818851740486,227962.73781212524
2021-10-28,2,-0.0017832500435429055,0.007332515970403512,-0.009115766013946418,225884.6828343313
2021-10-31,3,-0.010435341215396984,0.007528053723317779,-0.017963394938714763,221827.02706597187
2021-11-01,2,-0.006965862659812805,0.007326769469733585,-0.01429263212954639,218656.534971727
2021-11-02,4,0.005590513530326635,0.007833963798616544,-0.0022434502682899087,218165.98990968135
2021-11-03,3,-0.015471557647486608,0.007534173005279732,-0.02300573065276634,213146.92190822508
2021-11-08,0,0.0,0.0,0.0,213146.92190822508
2021-11-09,1,-0.015789473684210575,0.007080106292607195,-0.02286957997681777,208272.3413308324
2021-11-11,4,0.004258378708284161,0.007874972539996188,-0.003616593831712027,207519.1048658591
2021-11-14,2,0.031056649256729685,0.007489028782988109,0.023567620473741575,212409.83637038825
2021-11-15,1,0.038775510204081653,0.007269169505389939,0.031506340698691716,219102.09304282707
2021-11-16,0,0.0,0.0,0.0,219102.09304282707
2021-11-17,0,0.0,0.0,0.0,219102.09304282707
2021-11-18,0,0.0,0.0,0.0,219102.09304282707
2021-11-21,0,0.0,0.0,0.0,219102.09304282707
2021-11-22,0,0.0,0.0,0.0,219102.09304282707
2021-11-23,0,0.0,0.0,0.0,219102.09304282707
2021-11-24,0,0.0,0.0,0.0,219102.09304282707
2021-11-25,0,0.0,0.0,0.0,219102.09304282707
2021-11-28,5,-0.005319995078532513,0.008621070610856386,-0.0139410656893889,216047.5763710344
2021-11-29,1,-0.0006150061500614923,0.007129308735154326,-0.007744314885215819,214374.43590942942
2021-11-30,0,0.0,0.0,0.0,214374.43590942942
2021-12-01,0,0.0,0.0,0.0,214374.43590942942
2021-12-02,0,0.0,0.0,0.0,214374.43590942942
2021-12-05,5,0.009243025325356901,0.008700845171597726,0.0005421801537591753,214490.66547405286
2021-12-06,1,-0.007235621521335722,0.007108147483256601,-0.014343769004592322,211414.06091485175
2021-12-07,0,0.0,0.0,0.0,211414.06091485175
2021-12-08,3,0.0028896749520953926,0.0076194775321621454,-0.004729802580066753,210414.1141440743
2021-12-09,1,-0.03858479682092042,0.007004509095945471,-0.04558930591686589,200821.48072513373
2021-12-12,5,-0.035906754397279014,0.00861023641866932,-0.044516990815948336,191881.5127120478
2021-12-13,9,0.06695140847880096,0.010096265052964116,0.05685514342583685,202790.96363805784
2021-12-14,3,0.005322965396462302,0.007658042159599486,-0.002335076763137184,202317.43117109244
2021-12-15,0,0.0,0.0,0.0,202317.43117109244
2021-12-16,0,0.0,0.0,0.0,202317.43117109244
2021-12-20,1,0.03888888888888897,0.0072813030587737665,0.031607585830115206,208712.19674176117
2021-12-21,1,0.025104602510460206,0.007226175220278673,0.017878427290181534,212443.6425757828
2021-12-22,2,0.003657462985194093,0.007383331321070135,-0.0037258683358760416,211652.10553475152
2021-12-23,2,0.012516303228611303,0.007415654693767988,0.005100648534843315,212731.66853674385
2021-12-26,3,-0.00930639455917226,0.00757300657338747,-0.01687940113255973,209140.88536991342
2021-12-27,0,0.0,0.0,0.0,209140.88536991342
2021-12-28,1,0.006557377049180246,0.007161696243024415,-0.0006043191938441689,209014.49751866682
2021-12-29,2,0.037407000610827135,0.0075074898644007975,0.029899510746426338,215263.9287333851
2022-01-02,5,0.0002461898282935415,0.008662288246262945,-0.008416098417969402,213452.2463233262
2022-01-03,3,0.015928043139542842,0.007657685042032695,0.008270358097510148,215217.57283713802
2022-01-04,6,-0.014846631011351826,0.008838263351879882,-0.023684894363231707,210120.16735937927
2022-01-05,3,0.008967988391507328,0.007644816775474935,0.0013231716160323932,210398.1924007852
2022-01-06,4,0.02160998869513653,0.00792513296986213,0.013684855725274399,213277.46130864846
2022-01-09,4,0.009339694649291935,0.007869967542220073,0.0014697271070718623,213590.92097486125
2022-01-10,2,0.0314790393990142,0.007476787380030566,0.02400225201898363,218717.58408906666
2022-01-11,6,-0.008284115272574019,0.008840566397191699,-0.017124681669765718,214972.11508596118
2022-01-12,0,0.0,0.0,0.0,214972.11508596118
2022-01-13,8,0.024133801953389544,0.009451208202159006,0.014682593751230539,218128.46331961112
2022-01-16,5,0.027171232138550706,0.00874800572804858,0.018423226410502126,222147.09338592325
2022-01-17,4,0.007682676591802218,0.007826809608931652,-0.00014413301712943444,222115.074655107
2022-01-18,2,-0.0011974789915966122,0.007346085775969845,-0.008543564767566458,220217.42012893822
2022-01-19,0,0.0,0.0,0.0,220217.42012893822
2022-01-20,6,0.0036340724533818203,0.008875917820436329,-0.0052418453670545085,219063.07446549064
2022-01-23,1,-0.02472527472527475,0.0070429425674189555,-0.031768217292693704,212103.83111506538
2022-01-24,5,-0.0021348063920350047,0.008670662483513317,-0.010805468875548322,209811.94976956697
2022-01-25,3,-0.014319843810261301,0.007565522453058925,-0.021885366263320227,205220.13840243864
2022-01-26,0,0.0,0.0,0.0,205220.13840243864
2022-01-27,0,0.0,0.0,0.0,205220.13840243864
2022-01-30,0,0.0,0.0,0.0,205220.13840243864
2022-01-31,0,0.0,0.0,0.0,205220.13840243864
2022-02-01,1,-0.008196721311475419,0.007115362117827219,-0.01531208342930264,202077.79052184746
2022-02-03,0,0.0,0.0,0.0,202077.79052184746
2022-02-06,2,-0.016952191235059755,0.0073363738742256,-0.024288565109285357,197169.61094961705
2022-02-07,3,-0.006878306878306854,0.0076370361646275,-0.014515343042934354,194307.62640904146
2022-02-08,0,0.0,0.0,0.0,194307.62640904146
2022-02-09,0,0.0,0.0,0.0,194307.62640904146
2022-02-10,0,0.0,0.0,0.0,194307.62640904146
2022-02-13,3,0.003216697360343801,0.0076830693641412725,-0.004466372003797472,193439.77626632378
2022-02-14,5,0.022574291153028492,0.008877045491904455,0.013697245661124038,196089.36840247648
2022-02-15,0,0.0,0.0,0.0,196089.36840247648
2022-02-16,0,0.0,0.0,0.0,196089.36840247648
2022-02-17,0,0.0,0.0,0.0,196089.36840247648
2022-02-20,0,0.0,0.0,0.0,196089.36840247648
2022-02-21,0,0.0,0.0,0.0,196089.36840247648
2022-02-22,0,0.0,0.0,0.0,196089.36840247648
2022-02-23,0,0.0,0.0,0.0,196089.36840247648
2022-02-24,0,0.0,0.0,0.0,196089.36840247648
2022-02-27,1,-0.019731649565903675,0.007086911586183544,-0.02681856115208722,190830.5336847005
2022-02-28,1,-0.0459742351046698,0.007003401466407603,-0.0529776365710774,180720.78302448767
2022-03-02,5,-0.0020084699888171407,0.008875817710779471,-0.010884287699596613,178753.76602875278
2022-03-06,2,-0.0027357265493589966,0.007449990516412575,-0.010185717065771573,176933.0307435428
2022-03-07,1,0.01298701298701288,0.007227397991581919,0.005759614995430961,177952.09688060035
2022-03-09,2,0.04932107724560553,0.007632106700257257,0.04168897054534827,185370.73660593867
2022-03-10,0,0.0,0.0,0.0,185370.73660593867
2022-03-13,0,0.0,0.0,0.0,185370.73660593867
2022-03-14,0,0.0,0.0,0.0,185370.73660593867
2022-03-15,0,0.0,0.0,0.0,185370.73660593867
2022-03-16,0,0.0,0.0,0.0,185370.73660593867
2022-03-20,0,0.0,0.0,0.0,185370.73660593867
2022-03-21,0,0.0,0.0,0.0,185370.73660593867
2022-03-22,0,0.0,0.0,0.0,185370.73660593867
2022-03-23,0,0.0,0.0,0.0,185370.73660593867
2022-03-24,0,0.0,0.0,0.0,185370.73660593867
2022-03-27,1,-0.02027649769585249,0.007099775819775516,-0.027376273515628005,180295.97661882106
2022-03-28,2,-0.022608700884771127,0.007376643529049084,-0.02998534441382021,174889.73966347965
2022-03-29,1,0.009765625,0.0072195858223330096,0.0025460391776669904,175335.01579243486
2022-03-30,1,-0.0029013539651837617,0.007175158695070421,-0.010076512660254184,173568.25028601653
2022-03-31,0,0.0,0.0,0.0,173568.25028601653
2022-04-03,0,0.0,0.0,0.0,173568.25028601653
2022-04-04,0,0.0,0.0,0.0,173568.25028601653
2022-04-05,1,-0.013667425968109326,0.00714091849893318,-0.020808344467042505,169956.58234552326
2022-04-06,2,0.009410941707473697,0.007520853315486251,0.0018900883919874458,170277.8153089564
2022-04-07,0,0.0,0.0,0.0,170277.8153089564
2022-04-11,2,-0.011529488615154848,0.007447498828147017,-0.018976987443301865,167046.45534596546
2022-04-12,2,0.005617977528089901,0.007518017891714946,-0.0019000403636250445,166729.06033820764
2022-04-13,0,0.0,0.0,0.0,166729.06033820764
2022-04-17,1,-0.03414755732801589,0.007082078660637916,-0.041229635988653805,159854.88187173303
2022-04-18,1,0.006451612903225712,0.007235041755664954,-0.0007834288524392417,159729.64694507146
2022-04-19,0,0.0,0.0,0.0,159729.64694507146
2022-04-20,1,0.027157838128529344,0.007306723468585344,0.019851114659944,162900.45848117047
2022-04-21,0,0.0,0.0,0.0,162900.45848117047
2022-04-24,1,0.0019038553069967712,0.007213504207964855,-0.005309648900968084,162035.51424082872
2022-04-25,0,0.0,0.0,0.0,162035.51424082872
2022-04-26,0,0.0,0.0,0.0,162035.51424082872
2022-04-27,0,0.0,0.0,0.0,162035.51424082872
2022-04-28,0,0.0,0.0,0.0,162035.51424082872
2022-05-02,0,0.0,0.0,0.0,162035.51424082872
2022-05-04,0,0.0,0.0,0.0,162035.51424082872
2022-05-05,0,0.0,0.0,0.0,162035.51424082872
2022-05-08,0,0.0,0.0,0.0,162035.51424082872
2022-05-09,0,0.0,0.0,0.0,162035.51424082872
2022-05-10,0,0.0,0.0,0.0,162035.51424082872
2022-05-11,0,0.0,0.0,0.0,162035.51424082872
2022-05-12,0,0.0,0.0,0.0,162035.51424082872
2022-05-17,1,-0.022189349112425982,0.007132021074062032,-0.029321370186488015,157284.41094441543
2022-05-18,1,-0.027231467473525006,0.007123946896148184,-0.03435541436967319,151880.8398325301
2022-05-19,0,0.0,0.0,0.0,151880.8398325301
2022-05-20,1,-0.04636785162287482,0.007069236360429889,-0.05343708798330471,143764.77003142098
2022-05-23,1,-0.008103727714748765,0.007219832491561999,-0.015323560206310764,141561.78192229808
2022-05-24,1,0.019607843137254832,0.007320849733451096,0.012286993403803737,143301.15060300805
2022-05-25,0,0.0,0.0,0.0,143301.15060300805
2022-05-26,0,0.0,0.0,0.0,143301.15060300805
2022-05-27,0,0.0,0.0,0.0,143301.15060300805
2022-05-30,0,0.0,0.0,0.0,143301.15060300805
2022-05-31,1,-0.0035650623885917776,0.0072366160863065795,-0.010801678474898357,141753.2576491114
2022-06-01,2,-0.02596572138815295,0.007515869420912154,-0.033481590809065105,137007.13308065187
2022-06-02,2,-0.024486619579380697,0.0075454101671435635,-0.03203202974652426,132618.51651832642
2022-06-03,3,-0.013106295563320769,0.008581915167179566,-0.021688210730500333,129742.25818531062
2022-06-06,4,-0.017957039233467975,0.00897417889975406,-0.026931218133222037,126248.1411290252
2022-06-07,3,0.03320005542020047,0.008812636513505695,0.024387418906694776,129327.00743293026
2022-06-08,3,-0.003297428426975594,0.00864748518797895,-0.011944913614954544,127782.20750106333
2022-06-09,0,0.0,0.0,0.0,127782.20750106333
2022-06-10,0,0.0,0.0,0.0,127782.20750106333
2022-06-13,0,0.0,0.0,0.0,127782.20750106333
2022-06-14,1,-0.05250305250305254,0.007110155251656618,-0.05961320775470916,120164.70021794709
2022-06-15,5,-0.02258709757144668,0.009495776257780173,-0.03208287382922685,116309.47130212783
2022-06-16,1,0.016393442622950838,0.007386444981560071,0.009006997641390766,117357.0704358175
2022-06-17,1,-0.01806451612903226,0.007263727590974835,-0.025328243720007096,114384.62195355307
2022-06-19,1,-0.022969187675069946,0.0072578779990048505,-0.030227065674074797,110927.1104736588
2022-06-20,4,0.023290421949882345,0.009390324837065788,0.013900097112816557,112469.00808168678
2022-06-21,2,-0.01023291021651479,0.007753830290535718,-0.017986740507050507,110446.05721823612
2022-06-22,1,-0.0431034482758621,0.007204002790505754,-0.05030745106636785,104889.79759925645
2022-06-23,4,0.0026326756900730552,0.009416635675512649,-0.006783959985439594,104178.22940946223
2022-06-24,3,0.06202245032775836,0.009172424363113704,0.05285002596464466,109684.05153870303
2022-06-26,1,0.0013175230566535578,0.007360400241987885,-0.006042877185334327,109021.24428606477
2022-06-27,0,0.0,0.0,0.0,109021.24428606477
2022-06-28,0,0.0,0.0,0.0,109021.24428606477
2022-06-29,2,0.057587594696969724,0.008015929620302946,0.04957166507666678,114425.60889405505
2022-06-30,2,0.0031118338384211186,0.0077846660681152565,-0.004672832229694138,113890.91722091254
2022-07-01,0,0.0,0.0,0.0,113890.91722091254
2022-07-03,7,-0.0019765785826610927,0.010565703830611253,-0.012542282413272345,112462.46517282123
2022-07-04,0,0.0,0.0,0.0,112462.46517282123
2022-07-05,0,0.0,0.0,0.0,112462.46517282123
2022-07-06,3,-0.01021798995666264,0.008795460876679848,-0.019013450833342486,110324.16562066131
2022-07-07,0,0.0,0.0,0.0,110324.16562066131
2022-07-08,2,-0.03671944233171215,0.007679737650199797,-0.044399179981911945,105425.86313491531
2022-07-11,6,0.009098690935880135,0.01037972164530828,-0.0012810307094281454,105290.80936667151
2022-07-12,4,0.03105076367270071,0.009515941385780227,0.021534822286920483,107558.22823482881
2022-07-13,0,0.0,0.0,0.0,107558.22823482881
2022-07-14,0,0.0,0.0,0.0,107558.22823482881
2022-07-15,1,-0.044636363636363585,0.0072108690269597295,-0.05184723266332331,101981.6317506828
2022-07-17,0,0.0,0.0,0.0,101981.6317506828
2022-07-18,1,0.003780718336483968,0.007403327847530782,-0.003622609511046814,101612.19212155072
2022-07-19,3,0.0039662229832294615,0.008991074143080114,-0.005024851159850652,101101.60598011377
2022-07-20,2,0.0022186578906543963,0.007896758341223166,-0.00567810045056877,100527.54090564486
2022-07-21,1,-0.017660818713450266,0.007336446312858789,-0.024997265026309057,98014.62732318333
2022-07-22,0,0.0,0.0,0.0,98014.62732318333
2022-07-24,5,0.027777173631594508,0.010154804104881019,0.01762236952671349,99741.87730489558
2022-07-25,6,-0.02806638711756837,0.010402514769087566,-0.038468901886655936,95904.91681286268
2022-07-26,0,0.0,0.0,0.0,95904.91681286268
2022-07-27,5,0.012040750740448858,0.010151901335666102,0.0018888494047827557,96086.06675790041
2022-07-28,1,-0.007415858528237229,0.007394782097616999,-0.014810640625854228,94662.97055399731
2022-07-29,3,0.020699190194597056,0.009162190872510245,0.011536999322086811,95755.0971811055
2022-07-31,6,-0.0012644830738083683,0.010628250674842878,-0.011892733748651246,94616.30730525439
2022-08-01,0,0.0,0.0,0.0,94616.30730525439
2022-08-02,1,-0.008928571428571397,0.007397646559675027,-0.016326217988246423,93071.5808469459
2022-08-03,1,-0.014360895549014319,0.007387675827256667,-0.021748571376270984,91047.40692779372
2022-08-04,2,-0.015106543778383497,0.008541679379515218,-0.023648223157898714,88894.29753081725
2022-08-05,6,0.0018099309069906828,0.01088158189402278,-0.009071650987032097,88087.87948888028
2022-08-07,5,-0.00906378025602248,0.010304085726632599,-0.01936786598265508,86381.80524424338
2022-08-08,2,-0.01683386924628283,0.008594524184547854,-0.025428393430830684,84185.25471522736
2022-08-09,5,0.00011036080148574268,0.010470055043088948,-0.010359694241603205,83313.12121672613
2022-08-10,1,-0.00967982129560685,0.007466750179075253,-0.017146571474682102,81884.58682900468
2022-08-11,0,0.0,0.0,0.0,81884.58682900468
2022-08-14,2,0.04598035853333948,0.008893657395086196,0.037086701138253284,84921.41602856132
2022-08-15,1,-0.0029197080291970545,0.007478706638378239,-0.010398414667575294,84038.36793053866
2022-08-16,0,0.0,0.0,0.0,84038.36793053866
2022-08-17,1,0.008893280632411127,0.007525648155954193,0.0013676324764569335,84153.3015317889
2022-08-18,0,0.0,0.0,0.0,84153.3015317889
2022-08-21,1,-0.008147429679922435,0.007466045121406933,-0.01561347480132937,82839.37607887364
2022-08-22,0,0.0,0.0,0.0,82839.37607887364
2022-08-23,0,0.0,0.0,0.0,82839.37607887364
2022-08-24,0,0.0,0.0,0.0,82839.37607887364
2022-08-25,1,-0.004207573632538653,0.007489061569964334,-0.011696635202502987,81870.4341164761
2022-08-26,0,0.0,0.0,0.0,81870.4341164761
2022-08-28,3,-0.0009671085442974903,0.009328536585022517,-0.010295645129320007,81027.52518022948
2022-08-29,0,0.0,0.0,0.0,81027.52518022948
2022-08-30,0,0.0,0.0,0.0,81027.52518022948
2022-08-31,1,0.01382488479262678,0.007564770110804022,0.006260114681822757,81534.766780242
2022-09-01,1,0.00952380952380949,0.007546092477604139,0.0019777170462053507,81696.01947836168
2022-09-02,0,0.0,0.0,0.0,81696.01947836168
2022-09-04,0,0.0,0.0,0.0,81696.01947836168
2022-09-05,0,0.0,0.0,0.0,81696.01947836168
2022-09-06,0,0.0,0.0,0.0,81696.01947836168
2022-09-07,0,0.0,0.0,0.0,81696.01947836168
2022-09-08,0,0.0,0.0,0.0,81696.01947836168
2022-09-11,0,0.0,0.0,0.0,81696.01947836168
2022-09-12,0,0.0,0.0,0.0,81696.01947836168
2022-09-13,0,0.0,0.0,0.0,81696.01947836168
2022-09-14,0,0.0,0.0,0.0,81696.01947836168
2022-09-15,0,0.0,0.0,0.0,81696.01947836168
2022-09-16,0,0.0,0.0,0.0,81696.01947836168
2022-09-18,2,-0.03857829633230703,0.008579381234003485,-0.047157677566310514,77843.42493335008
2022-09-20,4,0.005229944080293758,0.01008887231670977,-0.004858928236416012,77465.1893179221
2022-09-21,1,-0.005077720207253833,0.0075279330729854654,-0.012605653280239298,76488.69000009226
2022-09-22,1,-0.05627403005941989,0.007359546011325639,-0.06363357607074553,71621.44112641973
2022-09-25,1,0.007407407407407307,0.007623670522437394,-0.00021626311503008654,71605.95205045879
2022-09-27,1,0.011029411764705843,0.007636317446645175,0.0033930943180606682,71848.91779950052
2022-09-28,0,0.0,0.0,0.0,71848.91779950052
2022-09-29,0,0.0,0.0,0.0,71848.91779950052
2022-10-09,1,-0.007910349373763892,0.007568614000414448,-0.01547896337417834,70736.7710324077
2022-10-10,0,0.0,0.0,0.0,70736.7710324077
2022-10-11,0,0.0,0.0,0.0,70736.7710324077
2022-10-12,0,0.0,0.0,0.0,70736.7710324077
2022-10-13,0,0.0,0.0,0.0,70736.7710324077
2022-10-16,0,0.0,0.0,0.0,70736.7710324077
2022-10-17,0,0.0,0.0,0.0,70736.7710324077
2022-10-19,0,0.0,0.0,0.0,70736.7710324077
2022-10-20,0,0.0,0.0,0.0,70736.7710324077
2022-10-23,1,0.00990099009900991,0.007641004364140422,0.002259985734869488,70896.63512587167
2022-10-31,2,0.023086809770812677,0.0089970797139186,0.014089730056894078,71895.54957673732
2022-11-01,3,-0.001684823897575886,0.009580041926867424,-0.01126486582444331,71085.65585738077
2022-11-02,2,0.002567089200655903,0.00891638015234785,-0.006349290951691946,70634.31234585041
2022-11-03,1,0.02662604318452777,0.007699731113524206,0.018926312071003565,71971.15938422871
2022-11-06,5,0.0007117198204645847,0.010976282576492838,-0.010264562756028254,71232.40690210518
2022-11-07,0,0.0,0.0,0.0,71232.40690210518
2022-11-08,1,-0.04864300626304807,0.007434109334818508,-0.05607711559786658,67237.89898594156
2022-11-09,0,0.0,0.0,0.0,67237.89898594156
2022-11-10,4,0.0009705109657003053,0.010478152347315391,-0.009507641381615086,66598.62515512996
2022-11-13,2,0.014383561643835585,0.009055470854276278,0.005328090789559307,66953.46867641632
2022-11-14,0,0.0,0.0,0.0,66953.46867641632
2022-11-15,0,0.0,0.0,0.0,66953.46867641632
2022-11-16,1,0.016513761467889854,0.007703759775593117,0.008810001692296737,67543.32884876068
2022-11-17,4,0.006112348879020013,0.010483983539147116,-0.004371634660127103,67248.05409130506
2022-11-22,2,-0.007341299758745479,0.008959502001417808,-0.016300801760163287,66151.85689280597
2022-11-23,0,0.0,0.0,0.0,66151.85689280597
2022-11-24,2,0.032367292094996114,0.00913305070869118,0.023234241386304935,67688.84510400573
2022-11-27,4,-0.00593438205376548,0.010432442660107646,-0.016366824713873126,66580.99364110395
2022-11-28,0,0.0,0.0,0.0,66580.99364110395
2022-11-29,2,0.0010001098518830354,0.00900568053541248,-0.008005570683529445,66047.97479033047
2022-11-30,3,0.01600785576508353,0.009831105907354993,0.006176749857728536,66455.9366092199
2022-12-01,2,-0.015203949259319727,0.008947741651510336,-0.02415169091083006,64850.91336904431
2022-12-04,5,-0.014483137882037677,0.011300684053546084,-0.02578382193558376,63178.808966376906
2022-12-05,0,0.0,0.0,0.0,63178.808966376906
2022-12-06,0,0.0,0.0,0.0,63178.808966376906
2022-12-07,1,-0.0325203252032521,0.00757920947743921,-0.04009953468069131,60645.36812514491
2022-12-11,2,-0.018788366410393942,0.009078474172373813,-0.027866840582767755,58955.37331951823
2022-12-12,2,-0.009519522963132854,0.009160500021032992,-0.018680022984165844,57854.08559086955
2022-12-13,1,0.001115103456820643,0.007768090305817604,-0.006652986848996961,57469.183120272755
2022-12-14,0,0.0,0.0,0.0,57469.183120272755
2022-12-15,2,-0.06448663277021488,0.008998238141244293,-0.07348487091145917,53246.0676172925
2022-12-18,2,0.0022222222222222365,0.0093864062967445,-0.007164184074522264,52864.60298763776
2022-12-19,3,0.008086896525042317,0.010367763230695146,-0.002280866705652829,52744.025874775696
2022-12-20,1,-0.007499999999999951,0.007822099660082063,-0.015322099660082014,51935.87665384844
2022-12-21,0,0.0,0.0,0.0,51935.87665384844
2022-12-22,0,0.0,0.0,0.0,51935.87665384844
2022-12-26,2,0.047977254876644726,0.009605365982300915,0.038371888894343814,53928.75434244026
2022-12-27,2,-0.014764624437521634,0.00929893100474819,-0.024063555442269825,52631.036772388405
2022-12-28,0,0.0,0.0,0.0,52631.036772388405
2022-12-29,9,0.014874539221921711,0.01610586759931502,-0.0012313283773933096,52566.23068327893
2023-01-01,1,0.010300429184549431,0.007886717483206337,0.0024137117013430937,52693.11040937467
2023-01-02,6,0.0007463901428552133,0.013196142887303778,-0.012449752744448565,52037.094213442026
2023-01-03,2,0.03633832869359377,0.00955797480615357,0.026780353887440198,53430.66601175207
2023-01-04,9,0.017219343319899653,0.01598670225413746,0.001232641065762194,53496.526844849184
2023-01-05,2,0.020262046279509338,0.009445262903459541,0.010816783376049797,54075.18718710095
2023-01-08,5,0.030822511802851914,0.01223877692222876,0.018583734880623155,55080.10612940611
2023-01-09,5,-0.01586984767736179,0.011979331903729858,-0.02784917958109165,53546.17036246269
2023-01-10,1,-0.02444757874941228,0.0077494294483548805,-0.03219700819776716,51822.14387634344
2023-01-12,0,0.0,0.0,0.0,51822.14387634344
2023-01-17,4,0.005334787758910886,0.011379359487715877,-0.006044571728804991,51508.90121054243
2023-01-18,0,0.0,0.0,0.0,51508.90121054243
2023-01-19,1,-0.004065040650406471,0.007856681620269215,-0.011921722270675686,50894.826395842676
2023-01-23,0,0.0,0.0,0.0,50894.826395842676
2023-01-24,0,0.0,0.0,0.0,50894.826395842676
2023-01-25,1,0.015957446808510634,0.007937471318061147,0.008019975490449487,51303.00165612802
2023-01-26,3,0.009945384546512689,0.010461100723067175,-0.0005157161765544857,51276.543868268156
2023-01-29,1,-0.02608695652173909,0.008077278633994493,-0.03416423515573358,49524.71996557935
2023-01-30,0,0.0,0.0,0.0,49524.71996557935
2023-01-31,2,-0.141579620640286,0.008988270071134487,-0.1505678907114205,42067.8873422883
2023-02-01,0,0.0,0.0,0.0,42067.8873422883
2023-02-02,1,0.0,0.00868855505134288,-0.00868855505134288,41702.37818722113
2023-02-05,1,-0.008247422680412342,0.008668044553897762,-0.016915467234310103,40996.962975402384
2023-02-06,0,0.0,0.0,0.0,40996.962975402384
2023-02-07,3,0.0022402006692656315,0.011167208359551222,-0.00892700769028559,40630.982771642615
2023-02-08,1,0.0073260073260073,0.008758060531730606,-0.0014320532057233056,40572.7970425128
2023-02-09,3,-0.034958313793297426,0.011065964720378685,-0.04602427851367611,38705.46333134934
2023-02-12,0,0.0,0.0,0.0,38705.46333134934
2023-02-14,0,0.0,0.0,0.0,38705.46333134934
2023-02-15,2,-0.010836477752456386,0.010042977804226328,-0.020879455556682712,37897.31432992162
2023-02-16,0,0.0,0.0,0.0,37897.31432992162
2023-02-20,0,0.0,0.0,0.0,37897.31432992162
2023-02-22,1,-0.019178082191780854,0.008747436897623995,-0.027925519089404847,36839.012155164215
2023-02-23,1,-0.021553884711779547,0.00877642973903895,-0.030330314450818498,35721.67333244056
2023-02-26,2,0.006827649674905234,0.010325024616799993,-0.0034973749418947594,35596.74124724513
2023-02-27,0,0.0,0.0,0.0,35596.74124724513
2023-02-28,0,0.0,0.0,0.0,35596.74124724513
2023-03-01,0,0.0,0.0,0.0,35596.74124724513
2023-03-02,0,0.0,0.0,0.0,35596.74124724513
2023-03-05,5,0.020011127186258904,0.014598156518933756,0.005412970667325148,35789.425363468836
2023-03-07,1,-0.16031280547409577,0.008295887689226822,-0.16860869316332258,29755.01712386808
2023-03-09,0,0.0,0.0,0.0,29755.01712386808
2023-03-12,0,0.0,0.0,0.0,29755.01712386808
2023-03-13,0,0.0,0.0,0.0,29755.01712386808
2023-03-14,0,0.0,0.0,0.0,29755.01712386808
2023-03-15,0,0.0,0.0,0.0,29755.01712386808
2023-03-16,0,0.0,0.0,0.0,29755.01712386808
2023-03-19,0,0.0,0.0,0.0,29755.01712386808
2023-03-20,1,-0.009247027741083214,0.00914571252936003,-0.018392740270443242,29207.740822166186
2023-03-22,0,0.0,0.0,0.0,29207.740822166186
2023-03-23,0,0.0,0.0,0.0,29207.740822166186
2023-03-26,0,0.0,0.0,0.0,29207.740822166186
2023-03-27,2,0.034199005512917546,0.01105199618029016,0.023147009332627387,29883.812671561827
2023-03-28,2,-0.02216908342722773,0.010763159166162896,-0.03293224259339063,28899.67170304651
2023-03-29,0,0.0,0.0,0.0,28899.67170304651
2023-03-30,0,0.0,0.0,0.0,28899.67170304651
2023-04-02,0,0.0,0.0,0.0,28899.67170304651
2023-04-03,2,0.0017823615717175723,0.01096693077591201,-0.009184569204194437,28634.24066831138
2023-04-04,2,-0.0025855495186349886,0.010982626586059537,-0.013568176104694525,28245.726248299525
2023-04-05,0,0.0,0.0,0.0,28245.726248299525
2023-04-06,0,0.0,0.0,0.0,28245.726248299525
2023-04-09,1,0.0040000000000000036,0.009285179302895784,-0.005285179302895781,28096.44252053675
2023-04-10,0,0.0,0.0,0.0,28096.44252053675
2023-04-11,0,0.0,0.0,0.0,28096.44252053675
2023-04-12,1,-0.026186579378068786,0.00918138505459631,-0.0353679644326651,27102.72854078599
2023-04-13,0,0.0,0.0,0.0,27102.72854078599
2023-04-16,1,0.0016339869281045694,0.009350960155730273,-0.007716973227625703,26893.57751024114
2023-04-17,0,0.0,0.0,0.0,26893.57751024114
2023-04-18,0,0.0,0.0,0.0,26893.57751024114
2023-04-19,3,-0.004136506864249934,0.013062027939128995,-0.017198534803378927,26431.04738144389
2023-04-20,1,-0.01868277033402521,0.009321654278412009,-0.02800442461243722,25690.861107622488
2023-04-23,1,0.010309278350515427,0.009484877158446285,0.0008244011920691425,25712.040684144893
2023-04-24,0,0.0,0.0,0.0,25712.040684144893
2023-04-25,1,0.0035984848484849064,0.009458108540530653,-0.005859623692045747,25561.377801381233
2023-04-26,0,0.0,0.0,0.0,25561.377801381233
2023-04-27,0,0.0,0.0,0.0,25561.377801381233
2023-04-30,0,0.0,0.0,0.0,25561.377801381233
2023-05-02,1,-0.007620817843866257,0.009427498025247411,-0.017048315869113668,25125.599358573534
2023-05-03,0,0.0,0.0,0.0,25125.599358573534
2023-05-04,0,0.0,0.0,0.0,25125.599358573534
2023-05-07,0,0.0,0.0,0.0,25125.599358573534
2023-05-08,1,0.007299270072992803,0.009517374542378592,-0.002218104469385789,25069.868154340285
2023-05-09,0,0.0,0.0,0.0,25069.868154340285
2023-05-10,0,0.0,0.0,0.0,25069.868154340285
2023-05-11,0,0.0,0.0,0.0,25069.868154340285
2023-05-14,1,-0.015444015444015413,0.009436511067191771,-0.024880526511207184,24446.116635093753
2023-05-15,1,0.003529411764706003,0.0095585499240995,-0.0060291381593934965,24298.727620440124
2023-05-16,1,0.026221692491060766,0.009656052260505282,0.016565640230555484,24701.251600260595
2023-05-17,3,0.021166650551458426,0.013651941723933563,0.007514708827524863,24886.87431371199
2023-05-18,3,0.007840342435469124,0.013556674862533096,-0.005716332427063972,24744.61266706425
2023-05-21,3,0.003923626572618355,0.013576639159696762,-0.009653012587078407,24505.752609526702
2023-05-22,2,0.024983636224296002,0.011674363144940848,0.013309273079355154,24831.90636302201
2023-05-23,6,0.005625926221842085,0.019602328346478362,-0.013976402124636276,24484.845654171102
2023-05-24,3,-0.021234878145734586,0.013546607538966297,-0.03478148568470088,23633.22634555844
2023-05-28,1,0.01388888888888884,0.009667748764236163,0.004221140124652677,23732.98550556067
2023-05-30,2,-0.031559078331334534,0.011595198354625628,-0.04315427668596016,22708.805682469825
2023-05-31,3,0.010742712235249549,0.01414565236180378,-0.0034029401265542308,22631.528976386828
2023-06-01,1,0.06138613861386144,0.009939505223578126,0.05144663339028331,23795.844950696574
2023-06-04,1,0.02425373134328357,0.00969215866141897,0.0145615726818646,24142.349876472523
2023-06-05,0,0.0,0.0,0.0,24142.349876472523
2023-06-06,3,-0.006037808161531803,0.01369050651554167,-0.019728314677073474,23666.062001065467
2023-06-07,0,0.0,0.0,0.0,23666.062001065467
2023-06-08,3,0.02052191777334726,0.013915147296672462,0.0066067704766747965,23822.41824079326
2023-06-11,3,-0.006476236352466858,0.0137723040939155,-0.020248540446382357,23340.04904151392
2023-06-12,0,0.0,0.0,0.0,23340.04904151392
2023-06-13,8,0.01869141151818629,0.02470801736603953,-0.00601660584785324,23199.621165961566
2023-06-14,4,-0.005358252134948144,0.016100736979666557,-0.0214589891146147,22701.78074789801
2023-06-15,0,0.0,0.0,0.0,22701.78074789801
2023-06-18,6,-0.0031792215432074147,0.020702900286298752,-0.023882121829506168,22159.61405432997
2023-06-19,1,-0.03589743589743588,0.009621741602352537,-0.04551917749978842,21150.92664886412
2023-06-20,0,0.0,0.0,0.0,21150.92664886412
2023-06-21,2,-0.006758832565284201,0.01220257962012343,-0.01896141218540763,20749.875210571685
2023-06-22,1,0.07655502392344493,0.01019673438545875,0.06635828953798618,22126.801437671882
2023-06-25,4,0.0009517812295306849,0.016542381253889623,-0.015590600024358938,21781.83132663873
2023-06-26,2,0.039252350418170434,0.012238178518475445,0.02701417189969499,22370.24946238671
2023-06-27,2,-0.022466108903748228,0.011885974927889089,-0.03435208383163732,21601.784777520163
2023-06-28,2,-0.024953866001065694,0.012035670123968334,-0.03698953612503403,20802.744779126868
2023-07-02,2,-0.004865073764156291,0.012288813939136048,-0.01715388770329234,20445.896831265476
2023-07-03,5,-0.0021581917435912644,0.019719299008516197,-0.021877490752107463,19998.59191242092
2023-07-04,0,0.0,0.0,0.0,19998.59191242092
2023-07-05,0,0.0,0.0,0.0,19998.59191242092
2023-07-06,1,-0.015810276679841917,0.009940887485790792,-0.02575116416563271,19483.604889002676
2023-07-09,0,0.0,0.0,0.0,19483.604889002676
2023-07-10,2,0.0015026885814113933,0.012638155504848276,-0.011135466923436883,19266.645851211873
2023-07-11,0,0.0,0.0,0.0,19266.645851211873
2023-07-12,0,0.0,0.0,0.0,19266.645851211873
2023-07-13,0,0.0,0.0,0.0,19266.645851211873
2023-07-16,2,0.012846461949265642,0.01273849125854553,0.00010797069072011195,19268.72608427229
2023-07-17,3,0.007772714592624593,0.015313782706655153,-0.00754106811403056,19123.419308400196
2023-07-18,2,0.010874913374913364,0.012769971290504122,-0.001895057915590758,19087.179321266653
2023-07-19,3,0.004492565038327512,0.015375525317241881,-0.01088296027891437,18879.454306876793
2023-07-20,2,0.06662351768715191,0.013046601454424697,0.053576916232727215,19890.957248795934
2023-07-23,5,-0.003364307021816204,0.020055909177690918,-0.023420216199507123,19425.10672961398
2023-07-24,0,0.0,0.0,0.0,19425.10672961398
2023-07-25,0,0.0,0.0,0.0,19425.10672961398
2023-07-26,0,0.0,0.0,0.0,19425.10672961398
2023-07-27,0,0.0,0.0,0.0,19425.10672961398
2023-07-30,2,-0.0028429046037019567,0.012637315970460269,-0.015480220574162226,19124.401792762914
2023-07-31,1,-0.03782894736842102,0.009972602309559734,-0.047801549677980754,18210.225750404494
2023-08-01,1,0.0,0.010245710057926622,-0.010245710057926622,18023.64905727646
2023-08-02,1,0.009009009009008917,0.010307916804300743,-0.0012989077952918256,18000.237999016357
2023-08-03,0,0.0,0.0,0.0,18000.237999016357
2023-08-06,0,0.0,0.0,0.0,18000.237999016357
2023-08-07,1,-0.02201787333246985,0.010195174025023372,-0.032213047357493224,17420.395479907897
2023-08-08,1,0.027992277992278103,0.010475169945685859,0.017517108046592244,17725.550429743813
2023-08-09,0,0.0,0.0,0.0,17725.550429743813
2023-08-10,0,0.0,0.0,0.0,17725.550429743813
2023-08-13,1,0.012903225806451646,0.010369173971527547,0.0025340518349240993,17770.467893335346
2023-08-14,1,-0.01273885350318471,0.010265886221629694,-0.023004739724814406,17361.662904660996
2023-08-15,0,0.0,0.0,0.0,17361.662904660996
2023-08-16,2,-0.005202720575956998,0.0132403067318018,-0.0184430273077588,17041.46128160223
2023-08-17,1,-0.01922129127649086,0.010361940848414106,-0.029583232124904966,16537.31977676101
2023-08-20,1,0.008542713567839089,0.0105554997200108,-0.0020127861521717118,16504.03368852031
2023-08-21,0,0.0,0.0,0.0,16504.03368852031
2023-08-22,0,0.0,0.0,0.0,16504.03368852031
2023-08-23,1,-0.007543103448275912,0.010501275767457074,-0.018044379215732986,16206.228646055417
2023-08-24,0,0.0,0.0,0.0,16206.228646055417
2023-08-27,0,0.0,0.0,0.0,16206.228646055417
2023-08-28,0,0.0,0.0,0.0,16206.228646055417
2023-08-29,0,0.0,0.0,0.0,16206.228646055417
2023-08-30,0,0.0,0.0,0.0,16206.228646055417
2023-09-03,0,0.0,0.0,0.0,16206.228646055417
2023-09-04,0,0.0,0.0,0.0,16206.228646055417
2023-09-05,0,0.0,0.0,0.0,16206.228646055417
2023-09-07,0,0.0,0.0,0.0,16206.228646055417
2023-09-10,0,0.0,0.0,0.0,16206.228646055417
2023-09-11,0,0.0,0.0,0.0,16206.228646055417
2023-09-12,0,0.0,0.0,0.0,16206.228646055417
2023-09-13,1,-0.06478378809637786,0.010342294323795902,-0.07512608242017377,14988.718177071676
2023-09-17,0,0.0,0.0,0.0,14988.718177071676
2023-09-18,0,0.0,0.0,0.0,14988.718177071676
2023-09-19,0,0.0,0.0,0.0,14988.718177071676
2023-09-21,0,0.0,0.0,0.0,14988.718177071676
2023-09-24,0,0.0,0.0,0.0,14988.718177071676
2023-09-25,1,-0.001680672268907557,0.010829539771128712,-0.01251021204003627,14801.206134468164
2023-09-26,0,0.0,0.0,0.0,14801.206134468164
2023-09-27,0,0.0,0.0,0.0,14801.206134468164
2023-10-01,0,0.0,0.0,0.0,14801.206134468164
2023-10-02,2,-0.010471300201723821,0.014216938780113897,-0.024688238981837717,14435.790420200972
2023-10-03,0,0.0,0.0,0.0,14435.790420200972
2023-10-04,1,-0.02327586206896559,0.010876329115429368,-0.034152191184394956,13942.776545872412
2023-10-05,0,0.0,0.0,0.0,13942.776545872412
2023-10-08,0,0.0,0.0,0.0,13942.776545872412
2023-10-09,1,-0.010732617825478408,0.011045838986373728,-0.021778456811852136,13639.124389030825
2023-10-10,1,0.009433962264151052,0.011201301839699357,-0.001767339575548305,13615.019424722264
2023-10-11,0,0.0,0.0,0.0,13615.019424722264
2023-10-12,0,0.0,0.0,0.0,13615.019424722264
2023-10-16,2,0.0036626303800503246,0.014858564634672278,-0.011195934254621953,13462.586562367673
2023-10-17,1,0.04357298474945526,0.01137739523934085,0.032195589510114406,13896.022473074045
2023-10-18,1,0.010229645093945638,0.011136513093286619,-0.0009068679993409802,13883.42061497509
2023-10-19,0,0.0,0.0,0.0,13883.42061497509
2023-10-29,0,0.0,0.0,0.0,13883.42061497509
2023-10-30,0,0.0,0.0,0.0,13883.42061497509
2023-10-31,0,0.0,0.0,0.0,13883.42061497509
2023-11-01,0,0.0,0.0,0.0,13883.42061497509
2023-11-02,0,0.0,0.0,0.0,13883.42061497509
2023-11-05,0,0.0,0.0,0.0,13883.42061497509
2023-11-06,0,0.0,0.0,0.0,13883.42061497509
2023-11-07,0,0.0,0.0,0.0,13883.42061497509
2023-11-08,0,0.0,0.0,0.0,13883.42061497509
2023-11-09,0,0.0,0.0,0.0,13883.42061497509
2023-11-20,0,0.0,0.0,0.0,13883.42061497509
2023-11-21,0,0.0,0.0,0.0,13883.42061497509
2023-11-22,0,0.0,0.0,0.0,13883.42061497509
2023-11-23,1,0.02833753148614604,0.011207683677934751,0.017129847808211286,14121.241497166997
2023-11-26,0,0.0,0.0,0.0,14121.241497166997
2023-11-27,1,0.009569377990430672,0.011076650333900153,-0.0015072723434694808,14099.956940402864
2023-11-28,2,-0.030682523573518805,0.01447716077689337,-0.04515968435041218,13463.207335619867
2023-11-29,0,0.0,0.0,0.0,13463.207335619867
2023-11-30,1,-0.010101010101010055,0.011175946510474453,-0.02127695661148451,13176.751257288463
2023-12-03,0,0.0,0.0,0.0,13176.751257288463
2023-12-04,0,0.0,0.0,0.0,13176.751257288463
2023-12-05,1,0.002631578947368318,0.011304430451078316,-0.008672851503709998,13062.471250332675
2023-12-06,1,0.037234042553191404,0.011467387280383325,0.02576665527280808,13399.047444050962
2023-12-07,1,0.039743589743589824,0.011380647011234245,0.02836294273235558,13779.083859374694
2023-12-10,3,-0.01976842560870225,0.0183119332200942,-0.03808035882879645,13254.371401677628
2023-12-11,0,0.0,0.0,0.0,13254.371401677628
2023-12-12,4,-0.009702789680947205,0.022552975922872365,-0.03225576560381957,12826.841504519145
2023-12-13,1,0.009652509652509744,0.011434272675396852,-0.0017817630228871076,12803.987112625959
2023-12-14,3,0.015760541508217447,0.019274202856716913,-0.0035136613484994667,12758.998238001639
2023-12-17,4,0.015024010146791972,0.02323155185870237,-0.008207541711910397,12654.27822776105
2023-12-18,3,0.011532306548254137,0.01939694474067187,-0.007864638192417733,12554.75690791352
2023-12-19,3,0.00825850707634109,0.019478632036521424,-0.011220124960180334,12413.890966562043
2023-12-20,3,-0.024486008099196876,0.019491415545750866,-0.04397742364494774,11867.960024443355
2023-12-21,1,-0.10283315844700935,0.011327399620938153,-0.1141605580679475,10513.10708492481
2023-12-24,3,-0.016050515937370873,0.02170771431512545,-0.03775823025249632,10116.150766943068
2023-12-27,3,0.0056208145576964,0.02234885231930089,-0.01672803776160449,9946.92741491156
2023-12-28,0,0.0,0.0,0.0,9946.92741491156
2024-01-01,0,0.0,0.0,0.0,9946.92741491156
2024-01-02,0,0.0,0.0,0.0,9946.92741491156
2024-01-03,0,0.0,0.0,0.0,9946.92741491156
2024-01-04,0,0.0,0.0,0.0,9946.92741491156
2024-01-07,0,0.0,0.0,0.0,9946.92741491156
2024-01-08,0,0.0,0.0,0.0,9946.92741491156
2024-01-09,0,0.0,0.0,0.0,9946.92741491156
2024-01-10,0,0.0,0.0,0.0,9946.92741491156
2024-01-11,0,0.0,0.0,0.0,9946.92741491156
2024-01-14,0,0.0,0.0,0.0,9946.92741491156
2024-01-16,0,0.0,0.0,0.0,9946.92741491156
2024-01-17,0,0.0,0.0,0.0,9946.92741491156
2024-01-18,0,0.0,0.0,0.0,9946.92741491156
2024-01-21,0,0.0,0.0,0.0,9946.92741491156
2024-01-22,0,0.0,0.0,0.0,9946.92741491156
2024-01-23,0,0.0,0.0,0.0,9946.92741491156
2024-01-24,0,0.0,0.0,0.0,9946.92741491156
2024-01-25,0,0.0,0.0,0.0,9946.92741491156
2024-01-28,0,0.0,0.0,0.0,9946.92741491156
2024-01-29,0,0.0,0.0,0.0,9946.92741491156
2024-01-30,0,0.0,0.0,0.0,9946.92741491156
2024-01-31,0,0.0,0.0,0.0,9946.92741491156
2024-02-01,0,0.0,0.0,0.0,9946.92741491156
2024-02-04,0,0.0,0.0,0.0,9946.92741491156
2024-02-05,0,0.0,0.0,0.0,9946.92741491156
2024-02-06,0,0.0,0.0,0.0,9946.92741491156
2024-02-07,0,0.0,0.0,0.0,9946.92741491156
2024-02-08,0,0.0,0.0,0.0,9946.92741491156
2024-02-11,0,0.0,0.0,0.0,9946.92741491156
2024-02-12,0,0.0,0.0,0.0,9946.92741491156
2024-02-13,0,0.0,0.0,0.0,9946.92741491156
2024-02-14,0,0.0,0.0,0.0,9946.92741491156
2024-02-15,0,0.0,0.0,0.0,9946.92741491156
2024-02-18,0,0.0,0.0,0.0,9946.92741491156
2024-02-20,0,0.0,0.0,0.0,9946.92741491156
2024-02-21,0,0.0,0.0,0.0,9946.92741491156
2024-02-22,0,0.0,0.0,0.0,9946.92741491156
2024-02-25,0,0.0,0.0,0.0,9946.92741491156
2024-02-26,0,0.0,0.0,0.0,9946.92741491156
2024-02-27,0,0.0,0.0,0.0,9946.92741491156
2024-02-28,0,0.0,0.0,0.0,9946.92741491156
2024-02-29,0,0.0,0.0,0.0,9946.92741491156
2024-03-03,0,0.0,0.0,0.0,9946.92741491156
2024-03-04,0,0.0,0.0,0.0,9946.92741491156
2024-03-05,0,0.0,0.0,0.0,9946.92741491156
2024-03-06,0,0.0,0.0,0.0,9946.92741491156
2024-03-07,0,0.0,0.0,0.0,9946.92741491156
2024-03-10,0,0.0,0.0,0.0,9946.92741491156
2024-03-12,0,0.0,0.0,0.0,9946.92741491156
2024-03-13,0,0.0,0.0,0.0,9946.92741491156
2024-03-14,0,0.0,0.0,0.0,9946.92741491156
2024-03-17,0,0.0,0.0,0.0,9946.92741491156
2024-03-18,0,0.0,0.0,0.0,9946.92741491156
2024-03-19,0,0.0,0.0,0.0,9946.92741491156
2024-03-20,0,0.0,0.0,0.0,9946.92741491156
2024-03-21,0,0.0,0.0,0.0,9946.92741491156
2024-03-25,0,0.0,0.0,0.0,9946.92741491156
2024-03-26,0,0.0,0.0,0.0,9946.92741491156
2024-03-27,0,0.0,0.0,0.0,9946.92741491156
2024-03-28,0,0.0,0.0,0.0,9946.92741491156
2024-03-31,0,0.0,0.0,0.0,9946.92741491156
2024-04-01,0,0.0,0.0,0.0,9946.92741491156
2024-04-02,0,0.0,0.0,0.0,9946.92741491156
2024-04-03,0,0.0,0.0,0.0,9946.92741491156
2024-04-04,0,0.0,0.0,0.0,9946.92741491156
2024-04-07,0,0.0,0.0,0.0,9946.92741491156
2024-04-09,0,0.0,0.0,0.0,9946.92741491156
2024-04-10,0,0.0,0.0,0.0,9946.92741491156
2024-04-14,0,0.0,0.0,0.0,9946.92741491156
2024-04-15,0,0.0,0.0,0.0,9946.92741491156
2024-04-16,0,0.0,0.0,0.0,9946.92741491156
2024-04-18,0,0.0,0.0,0.0,9946.92741491156
2024-04-21,0,0.0,0.0,0.0,9946.92741491156
2024-04-22,0,0.0,0.0,0.0,9946.92741491156
2024-04-24,0,0.0,0.0,0.0,9946.92741491156
2024-04-25,0,0.0,0.0,0.0,9946.92741491156
2024-04-28,0,0.0,0.0,0.0,9946.92741491156
2024-04-29,0,0.0,0.0,0.0,9946.92741491156
2024-04-30,0,0.0,0.0,0.0,9946.92741491156
2024-05-02,0,0.0,0.0,0.0,9946.92741491156
2024-05-05,0,0.0,0.0,0.0,9946.92741491156
2024-05-06,0,0.0,0.0,0.0,9946.92741491156
2024-05-07,0,0.0,0.0,0.0,9946.92741491156
2024-05-08,0,0.0,0.0,0.0,9946.92741491156
2024-05-09,0,0.0,0.0,0.0,9946.92741491156
2024-05-12,0,0.0,0.0,0.0,9946.92741491156
2024-05-13,0,0.0,0.0,0.0,9946.92741491156
2024-05-14,0,0.0,0.0,0.0,9946.92741491156
2024-05-15,0,0.0,0.0,0.0,9946.92741491156
2024-05-16,0,0.0,0.0,0.0,9946.92741491156
2024-05-19,0,0.0,0.0,0.0,9946.92741491156
2024-05-20,0,0.0,0.0,0.0,9946.92741491156
2024-05-21,0,0.0,0.0,0.0,9946.92741491156
2024-05-22,0,0.0,0.0,0.0,9946.92741491156
2024-05-26,0,0.0,0.0,0.0,9946.92741491156
2024-05-27,0,0.0,0.0,0.0,9946.92741491156
2024-05-29,0,0.0,0.0,0.0,9946.92741491156
2024-05-30,0,0.0,0.0,0.0,9946.92741491156
2024-06-02,0,0.0,0.0,0.0,9946.92741491156
2024-06-03,0,0.0,0.0,0.0,9946.92741491156
2024-06-04,0,0.0,0.0,0.0,9946.92741491156
2024-06-05,0,0.0,0.0,0.0,9946.92741491156
2024-06-06,0,0.0,0.0,0.0,9946.92741491156
2024-06-09,0,0.0,0.0,0.0,9946.92741491156
2024-06-10,0,0.0,0.0,0.0,9946.92741491156
2024-06-11,0,0.0,0.0,0.0,9946.92741491156
2024-06-12,0,0.0,0.0,0.0,9946.92741491156
2024-06-13,0,0.0,0.0,0.0,9946.92741491156
2024-06-16,0,0.0,0.0,0.0,9946.92741491156
2024-06-18,0,0.0,0.0,0.0,9946.92741491156
2024-06-19,0,0.0,0.0,0.0,9946.92741491156
2024-06-20,0,0.0,0.0,0.0,9946.92741491156
2024-06-23,0,0.0,0.0,0.0,9946.92741491156
2024-06-24,0,0.0,0.0,0.0,9946.92741491156
2024-06-25,0,0.0,0.0,0.0,9946.92741491156
2024-06-26,0,0.0,0.0,0.0,9946.92741491156
2024-06-27,0,0.0,0.0,0.0,9946.92741491156
2024-06-30,0,0.0,0.0,0.0,9946.92741491156
2024-07-01,0,0.0,0.0,0.0,9946.92741491156
2024-07-02,0,0.0,0.0,0.0,9946.92741491156
2024-07-03,0,0.0,0.0,0.0,9946.92741491156
2024-07-04,0,0.0,0.0,0.0,9946.92741491156
2024-07-07,0,0.0,0.0,0.0,9946.92741491156
2024-07-08,0,0.0,0.0,0.0,9946.92741491156
2024-07-09,0,0.0,0.0,0.0,9946.92741491156
2024-07-10,0,0.0,0.0,0.0,9946.92741491156
2024-07-11,0,0.0,0.0,0.0,9946.92741491156
2024-07-14,0,0.0,0.0,0.0,9946.92741491156
2024-07-15,0,0.0,0.0,0.0,9946.92741491156
2024-07-16,0,0.0,0.0,0.0,9946.92741491156
2024-07-17,0,0.0,0.0,0.0,9946.92741491156
2024-07-18,0,0.0,0.0,0.0,9946.92741491156
2024-07-21,0,0.0,0.0,0.0,9946.92741491156
2024-07-22,0,0.0,0.0,0.0,9946.92741491156
2024-07-23,0,0.0,0.0,0.0,9946.92741491156
2024-07-24,0,0.0,0.0,0.0,9946.92741491156
2024-07-25,0,0.0,0.0,0.0,9946.92741491156
2024-07-28,0,0.0,0.0,0.0,9946.92741491156
2024-07-29,0,0.0,0.0,0.0,9946.92741491156
2024-07-30,0,0.0,0.0,0.0,9946.92741491156
2024-07-31,0,0.0,0.0,0.0,9946.92741491156
2024-08-01,0,0.0,0.0,0.0,9946.92741491156
2024-08-05,0,0.0,0.0,0.0,9946.92741491156
2024-08-06,0,0.0,0.0,0.0,9946.92741491156
2024-08-07,0,0.0,0.0,0.0,9946.92741491156
2024-08-08,0,0.0,0.0,0.0,9946.92741491156
2024-08-11,0,0.0,0.0,0.0,9946.92741491156
2024-08-12,0,0.0,0.0,0.0,9946.92741491156
2024-08-13,0,0.0,0.0,0.0,9946.92741491156
2024-08-14,0,0.0,0.0,0.0,9946.92741491156
2024-08-15,0,0.0,0.0,0.0,9946.92741491156
2024-08-18,0,0.0,0.0,0.0,9946.92741491156
2024-08-21,0,0.0,0.0,0.0,9946.92741491156
2024-08-22,0,0.0,0.0,0.0,9946.92741491156
2024-08-25,0,0.0,0.0,0.0,9946.92741491156
2024-08-27,0,0.0,0.0,0.0,9946.92741491156
2024-08-28,0,0.0,0.0,0.0,9946.92741491156
2024-08-29,0,0.0,0.0,0.0,9946.92741491156
2024-09-01,0,0.0,0.0,0.0,9946.92741491156
2024-09-02,0,0.0,0.0,0.0,9946.92741491156
2024-09-03,0,0.0,0.0,0.0,9946.92741491156
2024-09-04,0,0.0,0.0,0.0,9946.92741491156
2024-09-05,0,0.0,0.0,0.0,9946.92741491156
2024-09-08,0,0.0,0.0,0.0,9946.92741491156
2024-09-09,0,0.0,0.0,0.0,9946.92741491156
2024-09-10,0,0.0,0.0,0.0,9946.92741491156
2024-09-11,0,0.0,0.0,0.0,9946.92741491156
2024-09-12,0,0.0,0.0,0.0,9946.92741491156
2024-09-15,0,0.0,0.0,0.0,9946.92741491156
2024-09-16,0,0.0,0.0,0.0,9946.92741491156
2024-09-18,0,0.0,0.0,0.0,9946.92741491156
2024-09-22,0,0.0,0.0,0.0,9946.92741491156
2024-09-23,0,0.0,0.0,0.0,9946.92741491156
2024-09-24,0,0.0,0.0,0.0,9946.92741491156
2024-09-25,0,0.0,0.0,0.0,9946.92741491156
2024-09-26,0,0.0,0.0,0.0,9946.92741491156
2024-09-29,0,0.0,0.0,0.0,9946.92741491156
2024-09-30,0,0.0,0.0,0.0,9946.92741491156
2024-10-01,0,0.0,0.0,0.0,9946.92741491156
2024-10-02,0,0.0,0.0,0.0,9946.92741491156
2024-10-06,0,0.0,0.0,0.0,9946.92741491156
2024-10-07,0,0.0,0.0,0.0,9946.92741491156
2024-10-08,0,0.0,0.0,0.0,9946.92741491156
2024-10-09,0,0.0,0.0,0.0,9946.92741491156
2024-10-15,0,0.0,0.0,0.0,9946.92741491156
2024-10-16,0,0.0,0.0,0.0,9946.92741491156
2024-10-17,0,0.0,0.0,0.0,9946.92741491156
2024-10-20,0,0.0,0.0,0.0,9946.92741491156
2024-10-21,0,0.0,0.0,0.0,9946.92741491156
2024-10-22,0,0.0,0.0,0.0,9946.92741491156
2024-10-23,0,0.0,0.0,0.0,9946.92741491156
2024-10-24,0,0.0,0.0,0.0,9946.92741491156
2024-10-27,0,0.0,0.0,0.0,9946.92741491156
2024-10-28,0,0.0,0.0,0.0,9946.92741491156
2024-10-29,0,0.0,0.0,0.0,9946.92741491156
2024-10-30,0,0.0,0.0,0.0,9946.92741491156
2024-11-05,0,0.0,0.0,0.0,9946.92741491156
2024-11-06,0,0.0,0.0,0.0,9946.92741491156
2024-11-10,0,0.0,0.0,0.0,9946.92741491156
2024-11-11,0,0.0,0.0,0.0,9946.92741491156
2024-11-12,0,0.0,0.0,0.0,9946.92741491156
2024-11-13,0,0.0,0.0,0.0,9946.92741491156
2024-11-14,0,0.0,0.0,0.0,9946.92741491156
2024-11-17,0,0.0,0.0,0.0,9946.92741491156
2024-11-19,0,0.0,0.0,0.0,9946.92741491156
2024-11-20,0,0.0,0.0,0.0,9946.92741491156
2024-11-21,0,0.0,0.0,0.0,9946.92741491156
2024-11-24,0,0.0,0.0,0.0,9946.92741491156
2024-11-25,0,0.0,0.0,0.0,9946.92741491156
2024-11-26,0,0.0,0.0,0.0,9946.92741491156
2024-11-27,0,0.0,0.0,0.0,9946.92741491156
2024-11-28,0,0.0,0.0,0.0,9946.92741491156
2024-12-01,0,0.0,0.0,0.0,9946.92741491156
2024-12-02,0,0.0,0.0,0.0,9946.92741491156
2024-12-03,0,0.0,0.0,0.0,9946.92741491156
2024-12-04,0,0.0,0.0,0.0,9946.92741491156
2024-12-05,0,0.0,0.0,0.0,9946.92741491156
2024-12-08,0,0.0,0.0,0.0,9946.92741491156
2024-12-09,0,0.0,0.0,0.0,9946.92741491156
2024-12-10,0,0.0,0.0,0.0,9946.92741491156
2024-12-11,0,0.0,0.0,0.0,9946.92741491156
2024-12-12,0,0.0,0.0,0.0,9946.92741491156
2024-12-16,0,0.0,0.0,0.0,9946.92741491156
2024-12-17,0,0.0,0.0,0.0,9946.92741491156
2024-12-18,0,0.0,0.0,0.0,9946.92741491156
2024-12-19,0,0.0,0.0,0.0,9946.92741491156
2024-12-22,0,0.0,0.0,0.0,9946.92741491156
2024-12-23,0,0.0,0.0,0.0,9946.92741491156
2024-12-24,0,0.0,0.0,0.0,9946.92741491156
2024-12-26,0,0.0,0.0,0.0,9946.92741491156
2024-12-29,0,0.0,0.0,0.0,9946.92741491156
2024-12-31,0,0.0,0.0,0.0,9946.92741491156
2025-01-01,0,0.0,0.0,0.0,9946.92741491156
2025-01-02,0,0.0,0.0,0.0,9946.92741491156
2025-01-05,0,0.0,0.0,0.0,9946.92741491156
2025-01-06,0,0.0,0.0,0.0,9946.92741491156
2025-01-07,0,0.0,0.0,0.0,9946.92741491156
2025-01-08,0,0.0,0.0,0.0,9946.92741491156
2025-01-09,0,0.0,0.0,0.0,9946.92741491156
2025-01-12,0,0.0,0.0,0.0,9946.92741491156
2025-01-13,0,0.0,0.0,0.0,9946.92741491156
2025-01-15,0,0.0,0.0,0.0,9946.92741491156
2025-01-16,0,0.0,0.0,0.0,9946.92741491156
2025-01-19,0,0.0,0.0,0.0,9946.92741491156
2025-01-20,0,0.0,0.0,0.0,9946.92741491156
2025-01-21,0,0.0,0.0,0.0,9946.92741491156
2025-01-22,0,0.0,0.0,0.0,9946.92741491156
2025-01-23,0,0.0,0.0,0.0,9946.92741491156
2025-01-26,0,0.0,0.0,0.0,9946.92741491156
2025-01-27,0,0.0,0.0,0.0,9946.92741491156
2025-01-28,0,0.0,0.0,0.0,9946.92741491156
2025-02-02,0,0.0,0.0,0.0,9946.92741491156
2025-02-03,0,0.0,0.0,0.0,9946.92741491156
2025-02-04,0,0.0,0.0,0.0,9946.92741491156
2025-02-05,0,0.0,0.0,0.0,9946.92741491156
2025-02-06,0,0.0,0.0,0.0,9946.92741491156
2025-02-09,0,0.0,0.0,0.0,9946.92741491156
2025-02-10,0,0.0,0.0,0.0,9946.92741491156
2025-02-11,0,0.0,0.0,0.0,9946.92741491156
2025-02-12,0,0.0,0.0,0.0,9946.92741491156
2025-02-13,0,0.0,0.0,0.0,9946.92741491156
2025-02-16,0,0.0,0.0,0.0,9946.92741491156
2025-02-17,0,0.0,0.0,0.0,9946.92741491156
2025-02-18,0,0.0,0.0,0.0,9946.92741491156
2025-02-20,0,0.0,0.0,0.0,9946.92741491156
2025-02-23,0,0.0,0.0,0.0,9946.92741491156
2025-02-24,0,0.0,0.0,0.0,9946.92741491156
2025-02-25,0,0.0,0.0,0.0,9946.92741491156
2025-02-27,0,0.0,0.0,0.0,9946.92741491156
2025-03-02,0,0.0,0.0,0.0,9946.92741491156
2025-03-03,0,0.0,0.0,0.0,9946.92741491156
2025-03-04,0,0.0,0.0,0.0,9946.92741491156
2025-03-05,0,0.0,0.0,0.0,9946.92741491156
2025-03-06,0,0.0,0.0,0.0,9946.92741491156
2025-03-09,0,0.0,0.0,0.0,9946.92741491156
2025-03-10,0,0.0,0.0,0.0,9946.92741491156
2025-03-11,0,0.0,0.0,0.0,9946.92741491156
2025-03-12,0,0.0,0.0,0.0,9946.92741491156
2025-03-16,0,0.0,0.0,0.0,9946.92741491156
2025-03-17,0,0.0,0.0,0.0,9946.92741491156
2025-03-18,0,0.0,0.0,0.0,9946.92741491156
2025-03-19,0,0.0,0.0,0.0,9946.92741491156
2025-03-20,0,0.0,0.0,0.0,9946.92741491156
2025-03-23,0,0.0,0.0,0.0,9946.92741491156
2025-03-24,0,0.0,0.0,0.0,9946.92741491156
2025-03-25,0,0.0,0.0,0.0,9946.92741491156
2025-03-26,0,0.0,0.0,0.0,9946.92741491156
2025-03-27,0,0.0,0.0,0.0,9946.92741491156
2025-03-30,0,0.0,0.0,0.0,9946.92741491156
2025-04-01,0,0.0,0.0,0.0,9946.92741491156
2025-04-02,0,0.0,0.0,0.0,9946.92741491156
2025-04-03,0,0.0,0.0,0.0,9946.92741491156
2025-04-07,0,0.0,0.0,0.0,9946.92741491156
2025-04-08,0,0.0,0.0,0.0,9946.92741491156
2025-04-09,0,0.0,0.0,0.0,9946.92741491156
2025-04-10,0,0.0,0.0,0.0,9946.92741491156
2025-04-13,0,0.0,0.0,0.0,9946.92741491156
2025-04-15,0,0.0,0.0,0.0,9946.92741491156
2025-04-16,0,0.0,0.0,0.0,9946.92741491156
2025-04-17,0,0.0,0.0,0.0,9946.92741491156
2025-04-20,0,0.0,0.0,0.0,9946.92741491156
2025-04-21,0,0.0,0.0,0.0,9946.92741491156
2025-04-22,0,0.0,0.0,0.0,9946.92741491156
2025-04-23,0,0.0,0.0,0.0,9946.92741491156
2025-04-24,0,0.0,0.0,0.0,9946.92741491156
2025-04-27,0,0.0,0.0,0.0,9946.92741491156
2025-04-28,0,0.0,0.0,0.0,9946.92741491156
2025-04-29,0,0.0,0.0,0.0,9946.92741491156
2025-04-30,0,0.0,0.0,0.0,9946.92741491156
2025-05-04,0,0.0,0.0,0.0,9946.92741491156
2025-05-05,0,0.0,0.0,0.0,9946.92741491156
2025-05-06,0,0.0,0.0,0.0,9946.92741491156
2025-05-07,0,0.0,0.0,0.0,9946.92741491156
2025-05-08,0,0.0,0.0,0.0,9946.92741491156
2025-05-11,0,0.0,0.0,0.0,9946.92741491156
2025-05-13,0,0.0,0.0,0.0,9946.92741491156
2025-05-14,0,0.0,0.0,0.0,9946.92741491156
2025-05-15,0,0.0,0.0,0.0,9946.92741491156
2025-05-18,0,0.0,0.0,0.0,9946.92741491156
2025-05-19,0,0.0,0.0,0.0,9946.92741491156
2025-05-20,0,0.0,0.0,0.0,9946.92741491156
2025-05-21,0,0.0,0.0,0.0,9946.92741491156
2025-05-22,0,0.0,0.0,0.0,9946.92741491156
2025-05-25,0,0.0,0.0,0.0,9946.92741491156
2025-05-26,0,0.0,0.0,0.0,9946.92741491156
2025-05-27,0,0.0,0.0,0.0,9946.92741491156
2025-05-28,0,0.0,0.0,0.0,9946.92741491156
2025-06-02,0,0.0,0.0,0.0,9946.92741491156
2025-06-03,0,0.0,0.0,0.0,9946.92741491156
2025-06-04,0,0.0,0.0,0.0,9946.92741491156
2025-06-05,0,0.0,0.0,0.0,9946.92741491156
2025-06-08,0,0.0,0.0,0.0,9946.92741491156
2025-06-09,0,0.0,0.0,0.0,9946.92741491156
2025-06-10,0,0.0,0.0,0.0,9946.92741491156
2025-06-11,0,0.0,0.0,0.0,9946.92741491156
2025-06-12,0,0.0,0.0,0.0,9946.92741491156
2025-06-15,0,0.0,0.0,0.0,9946.92741491156
2025-06-16,0,0.0,0.0,0.0,9946.92741491156
2025-06-17,0,0.0,0.0,0.0,9946.92741491156
2025-06-18,0,0.0,0.0,0.0,9946.92741491156
2025-06-19,0,0.0,0.0,0.0,9946.92741491156
2025-06-22,0,0.0,0.0,0.0,9946.92741491156
2025-06-23,0,0.0,0.0,0.0,9946.92741491156
2025-06-24,0,0.0,0.0,0.0,9946.92741491156
2025-06-25,0,0.0,0.0,0.0,9946.92741491156
2025-06-26,0,0.0,0.0,0.0,9946.92741491156
2025-06-29,0,0.0,0.0,0.0,9946.92741491156
2025-06-30,0,0.0,0.0,0.0,9946.92741491156
2025-07-01,0,0.0,0.0,0.0,9946.92741491156
2025-07-02,0,0.0,0.0,0.0,9946.92741491156
2025-07-03,0,0.0,0.0,0.0,9946.92741491156
2025-07-06,0,0.0,0.0,0.0,9946.92741491156
2025-07-07,0,0.0,0.0,0.0,9946.92741491156
2025-07-08,0,0.0,0.0,0.0,9946.92741491156
2025-07-09,0,0.0,0.0,0.0,9946.92741491156
2025-07-10,0,0.0,0.0,0.0,9946.92741491156
2025-07-13,0,0.0,0.0,0.0,9946.92741491156
2025-07-14,0,0.0,0.0,0.0,9946.92741491156
2025-07-15,0,0.0,0.0,0.0,9946.92741491156
2025-07-16,0,0.0,0.0,0.0,9946.92741491156
2025-07-17,0,0.0,0.0,0.0,9946.92741491156
2025-07-20,0,0.0,0.0,0.0,9946.92741491156
2025-07-21,0,0.0,0.0,0.0,9946.92741491156
2025-07-22,0,0.0,0.0,0.0,9946.92741491156
2025-07-23,0,0.0,0.0,0.0,9946.92741491156
2025-07-24,0,0.0,0.0,0.0,9946.92741491156
2025-07-27,0,0.0,0.0,0.0,9946.92741491156
2025-07-28,0,0.0,0.0,0.0,9946.92741491156
2025-07-29,0,0.0,0.0,0.0,9946.92741491156
2025-07-30,0,0.0,0.0,0.0,9946.92741491156
2025-07-31,0,0.0,0.0,0.0,9946.92741491156
2025-08-03,0,0.0,0.0,0.0,9946.92741491156
2025-08-04,0,0.0,0.0,0.0,9946.92741491156
2025-08-05,0,0.0,0.0,0.0,9946.92741491156
2025-08-06,0,0.0,0.0,0.0,9946.92741491156
2025-08-07,0,0.0,0.0,0.0,9946.92741491156
2025-08-11,0,0.0,0.0,0.0,9946.92741491156
2025-08-12,0,0.0,0.0,0.0,9946.92741491156
2025-08-13,0,0.0,0.0,0.0,9946.92741491156
2025-08-14,0,0.0,0.0,0.0,9946.92741491156
2025-08-17,0,0.0,0.0,0.0,9946.92741491156
2025-08-18,0,0.0,0.0,0.0,9946.92741491156
2025-08-19,0,0.0,0.0,0.0,9946.92741491156
2025-08-20,0,0.0,0.0,0.0,9946.92741491156
2025-08-21,0,0.0,0.0,0.0,9946.92741491156
2025-08-24,0,0.0,0.0,0.0,9946.92741491156
2025-08-25,0,0.0,0.0,0.0,9946.92741491156
2025-08-26,0,0.0,0.0,0.0,9946.92741491156
2025-08-27,0,0.0,0.0,0.0,9946.92741491156
2025-08-28,0,0.0,0.0,0.0,9946.92741491156
2025-08-31,0,0.0,0.0,0.0,9946.92741491156
2025-09-01,0,0.0,0.0,0.0,9946.92741491156
2025-09-02,0,0.0,0.0,0.0,9946.92741491156
2025-09-03,0,0.0,0.0,0.0,9946.92741491156
2025-09-04,0,0.0,0.0,0.0,9946.92741491156
2025-09-07,0,0.0,0.0,0.0,9946.92741491156
2025-09-08,0,0.0,0.0,0.0,9946.92741491156
2025-09-18,0,0.0,0.0,0.0,9946.92741491156
2025-09-21,0,0.0,0.0,0.0,9946.92741491156
2025-09-23,0,0.0,0.0,0.0,9946.92741491156
2025-09-24,0,0.0,0.0,0.0,9946.92741491156
2025-09-25,0,0.0,0.0,0.0,9946.92741491156
2025-09-28,0,0.0,0.0,0.0,9946.92741491156
2025-10-07,0,0.0,0.0,0.0,9946.92741491156
2025-10-08,0,0.0,0.0,0.0,9946.92741491156
2025-10-09,0,0.0,0.0,0.0,9946.92741491156
2025-10-12,0,0.0,0.0,0.0,9946.92741491156
2025-10-13,0,0.0,0.0,0.0,9946.92741491156
2025-10-14,0,0.0,0.0,0.0,9946.92741491156
2025-10-15,0,0.0,0.0,0.0,9946.92741491156
2025-10-16,0,0.0,0.0,0.0,9946.92741491156
2025-10-19,0,0.0,0.0,0.0,9946.92741491156
2025-10-26,0,0.0,0.0,0.0,9946.92741491156
2025-10-28,0,0.0,0.0,0.0,9946.92741491156
2025-10-29,0,0.0,0.0,0.0,9946.92741491156
2025-10-30,0,0.0,0.0,0.0,9946.92741491156
2025-11-02,0,0.0,0.0,0.0,9946.92741491156
2025-11-03,0,0.0,0.0,0.0,9946.92741491156
2025-11-04,0,0.0,0.0,0.0,9946.92741491156
2025-11-05,0,0.0,0.0,0.0,9946.92741491156
2025-11-06,0,0.0,0.0,0.0,9946.92741491156
2025-11-09,0,0.0,0.0,0.0,9946.92741491156
2025-11-10,0,0.0,0.0,0.0,9946.92741491156
2025-11-11,0,0.0,0.0,0.0,9946.92741491156
2025-11-12,0,0.0,0.0,0.0,9946.92741491156
2025-11-13,0,0.0,0.0,0.0,9946.92741491156
2025-11-16,0,0.0,0.0,0.0,9946.92741491156
2025-11-17,0,0.0,0.0,0.0,9946.92741491156
2025-11-18,0,0.0,0.0,0.0,9946.92741491156
2025-11-19,0,0.0,0.0,0.0,9946.92741491156
2025-11-20,0,0.0,0.0,0.0,9946.92741491156
2025-11-23,0,0.0,0.0,0.0,9946.92741491156
2025-11-24,0,0.0,0.0,0.0,9946.92741491156
2025-11-25,0,0.0,0.0,0.0,9946.92741491156
2025-11-26,0,0.0,0.0,0.0,9946.92741491156
2025-11-27,0,0.0,0.0,0.0,9946.92741491156
2025-11-30,0,0.0,0.0,0.0,9946.92741491156
2025-12-01,0,0.0,0.0,0.0,9946.92741491156
2025-12-02,0,0.0,0.0,0.0,9946.92741491156
2025-12-03,0,0.0,0.0,0.0,9946.92741491156
2025-12-07,0,0.0,0.0,0.0,9946.92741491156
2025-12-08,0,0.0,0.0,0.0,9946.92741491156
2025-12-09,0,0.0,0.0,0.0,9946.92741491156
2025-12-10,0,0.0,0.0,0.0,9946.92741491156
2025-12-11,0,0.0,0.0,0.0,9946.92741491156
2025-12-14,0,0.0,0.0,0.0,9946.92741491156
2025-12-15,0,0.0,0.0,0.0,9946.92741491156
2025-12-16,0,0.0,0.0,0.0,9946.92741491156
2025-12-17,0,0.0,0.0,0.0,9946.92741491156
2025-12-18,0,0.0,0.0,0.0,9946.92741491156
2025-12-21,0,0.0,0.0,0.0,9946.92741491156
2025-12-22,0,0.0,0.0,0.0,9946.92741491156
2025-12-23,0,0.0,0.0,0.0,9946.92741491156
2025-12-24,0,0.0,0.0,0.0,9946.92741491156
2025-12-28,0,0.0,0.0,0.0,9946.92741491156
2025-12-29,0,0.0,0.0,0.0,9946.92741491156
2025-12-31,0,0.0,0.0,0.0,9946.92741491156
2026-01-01,0,0.0,0.0,0.0,9946.92741491156
2026-01-04,0,0.0,0.0,0.0,9946.92741491156
2026-01-05,0,0.0,0.0,0.0,9946.92741491156
2026-01-06,0,0.0,0.0,0.0,9946.92741491156
2026-01-07,0,0.0,0.0,0.0,9946.92741491156
2026-01-08,0,0.0,0.0,0.0,9946.92741491156
2026-01-12,0,0.0,0.0,0.0,9946.92741491156
2026-01-13,0,0.0,0.0,0.0,9946.92741491156
2026-01-14,0,0.0,0.0,0.0,9946.92741491156
2026-01-18,0,0.0,0.0,0.0,9946.92741491156
2026-01-20,0,0.0,0.0,0.0,9946.92741491156
2026-01-21,0,0.0,0.0,0.0,9946.92741491156
2026-01-22,0,0.0,0.0,0.0,9946.92741491156
2026-01-25,0,0.0,0.0,0.0,9946.92741491156
2026-01-26,0,0.0,0.0,0.0,9946.92741491156
2026-01-27,0,0.0,0.0,0.0,9946.92741491156
2026-01-28,0,0.0,0.0,0.0,9946.92741491156
2026-01-29,0,0.0,0.0,0.0,9946.92741491156
2026-02-01,0,0.0,0.0,0.0,9946.92741491156
2026-02-02,0,0.0,0.0,0.0,9946.92741491156
2026-02-03,0,0.0,0.0,0.0,9946.92741491156
2026-02-04,0,0.0,0.0,0.0,9946.92741491156
2026-02-05,0,0.0,0.0,0.0,9946.92741491156
2026-02-08,0,0.0,0.0,0.0,9946.92741491156
2026-02-09,0,0.0,0.0,0.0,9946.92741491156
2026-02-10,0,0.0,0.0,0.0,9946.92741491156
2026-02-11,0,0.0,0.0,0.0,9946.92741491156
2026-02-12,0,0.0,0.0,0.0,9946.92741491156
2026-02-16,0,0.0,0.0,0.0,9946.92741491156
2026-02-17,0,0.0,0.0,0.0,9946.92741491156
2026-02-22,0,0.0,0.0,0.0,9946.92741491156
2026-02-23,0,0.0,0.0,0.0,9946.92741491156
2026-02-24,0,0.0,0.0,0.0,9946.92741491156
2026-02-25,0,0.0,0.0,0.0,9946.92741491156
2026-02-26,0,0.0,0.0,0.0,9946.92741491156
2026-03-01,0,0.0,0.0,0.0,9946.92741491156
2026-03-03,0,0.0,0.0,0.0,9946.92741491156
2026-03-09,0,0.0,0.0,0.0,9946.92741491156
2026-03-10,0,0.0,0.0,0.0,9946.92741491156
2026-03-11,0,0.0,0.0,0.0,9946.92741491156
2026-03-12,0,0.0,0.0,0.0,9946.92741491156
2026-03-15,0,0.0,0.0,0.0,9946.92741491156
2026-03-16,0,0.0,0.0,0.0,9946.92741491156
2026-03-17,0,0.0,0.0,0.0,9946.92741491156
2026-03-19,0,0.0,0.0,0.0,9946.92741491156
2026-03-22,0,0.0,0.0,0.0,9946.92741491156
2026-03-23,0,0.0,0.0,0.0,9946.92741491156
2026-03-24,0,0.0,0.0,0.0,9946.92741491156
2026-03-25,0,0.0,0.0,0.0,9946.92741491156
2026-03-26,0,0.0,0.0,0.0,9946.92741491156
2026-03-29,0,0.0,0.0,0.0,9946.92741491156
2026-03-30,0,0.0,0.0,0.0,9946.92741491156
2026-03-31,0,0.0,0.0,0.0,9946.92741491156
2026-04-01,0,0.0,0.0,0.0,9946.92741491156
2026-04-02,0,0.0,0.0,0.0,9946.92741491156
2026-04-05,0,0.0,0.0,0.0,9946.92741491156
2026-04-06,0,0.0,0.0,0.0,9946.92741491156
2026-04-07,0,0.0,0.0,0.0,9946.92741491156
2026-04-08,0,0.0,0.0,0.0,9946.92741491156
2026-04-09,0,0.0,0.0,0.0,9946.92741491156
2026-04-10,0,0.0,0.0,0.0,9946.92741491156
2026-04-13,0,0.0,0.0,0.0,9946.92741491156
2026-04-15,0,0.0,0.0,0.0,9946.92741491156
2026-04-16,0,0.0,0.0,0.0,9946.92741491156
2026-04-17,0,0.0,0.0,0.0,9946.92741491156
2026-04-20,0,0.0,0.0,0.0,9946.92741491156
2026-04-21,0,0.0,0.0,0.0,9946.92741491156
2026-04-22,0,0.0,0.0,0.0,9946.92741491156
2026-04-23,0,0.0,0.0,0.0,9946.92741491156
2026-04-24,0,0.0,0.0,0.0,9946.92741491156
2026-04-27,0,0.0,0.0,0.0,9946.92741491156
2026-04-28,0,0.0,0.0,0.0,9946.92741491156
2026-04-29,0,0.0,0.0,0.0,9946.92741491156
2026-04-30,0,0.0,0.0,0.0,9946.92741491156
2026-05-04,0,0.0,0.0,0.0,9946.92741491156
2026-05-05,0,0.0,0.0,0.0,9946.92741491156
2026-05-06,0,0.0,0.0,0.0,9946.92741491156
2026-05-07,0,0.0,0.0,0.0,9946.92741491156
2026-05-08,0,0.0,0.0,0.0,9946.92741491156
2026-05-11,0,0.0,0.0,0.0,9946.92741491156
2026-05-12,0,0.0,0.0,0.0,9946.92741491156
2026-05-13,0,0.0,0.0,0.0,9946.92741491156
2026-05-14,0,0.0,0.0,0.0,9946.92741491156
2026-05-15,0,0.0,0.0,0.0,9946.92741491156
2026-05-18,0,0.0,0.0,0.0,9946.92741491156
2026-05-19,0,0.0,0.0,0.0,9946.92741491156
2026-05-20,0,0.0,0.0,0.0,9946.92741491156
2026-05-21,0,0.0,0.0,0.0,9946.92741491156
2026-05-22,0,0.0,0.0,0.0,9946.92741491156
2026-05-25,0,0.0,0.0,0.0,9946.92741491156
2026-05-26,0,0.0,0.0,0.0,9946.92741491156
2026-05-27,0,0.0,0.0,0.0,9946.92741491156
2026-06-01,0,0.0,0.0,0.0,9946.92741491156
2026-06-02,0,0.0,0.0,0.0,9946.92741491156
2026-06-03,0,0.0,0.0,0.0,9946.92741491156
2026-06-04,0,0.0,0.0,0.0,9946.92741491156
2026-06-05,0,0.0,0.0,0.0,9946.92741491156
2026-06-08,0,0.0,0.0,0.0,9946.92741491156
2026-06-09,0,0.0,0.0,0.0,9946.92741491156
2026-06-10,0,0.0,0.0,0.0,9946.92741491156
2026-06-11,0,0.0,0.0,0.0,9946.92741491156
2026-06-12,0,0.0,0.0,0.0,9946.92741491156
2026-06-15,0,0.0,0.0,0.0,9946.92741491156
2026-06-16,0,0.0,0.0,0.0,9946.92741491156
2026-06-17,0,0.0,0.0,0.0,9946.92741491156
2026-06-18,0,0.0,0.0,0.0,9946.92741491156
2026-06-19,0,0.0,0.0,0.0,9946.92741491156
2026-06-22,0,0.0,0.0,0.0,9946.92741491156
2026-06-23,0,0.0,0.0,0.0,9946.92741491156
2026-06-24,0,0.0,0.0,0.0,9946.92741491156
2026-06-25,0,0.0,0.0,0.0,9946.92741491156
2026-06-26,0,0.0,0.0,0.0,9946.92741491156
2026-06-29,0,0.0,0.0,0.0,9946.92741491156
2026-06-30,0,0.0,0.0,0.0,9946.92741491156
2026-07-01,0,0.0,0.0,0.0,9946.92741491156
2026-07-02,0,0.0,0.0,0.0,9946.92741491156
2026-07-03,0,0.0,0.0,0.0,9946.92741491156
2026-07-06,0,0.0,0.0,0.0,9946.92741491156
2026-07-07,0,0.0,0.0,0.0,9946.92741491156
2026-07-08,0,0.0,0.0,0.0,9946.92741491156
2026-07-09,0,0.0,0.0,0.0,9946.92741491156
2026-07-10,0,0.0,0.0,0.0,9946.92741491156
2026-07-13,0,0.0,0.0,0.0,9946.92741491156
2026-07-14,0,0.0,0.0,0.0,9946.92741491156
2026-07-15,0,0.0,0.0,0.0,9946.92741491156
2026-07-16,0,0.0,0.0,0.0,9946.92741491156
2026-07-17,0,0.0,0.0,0.0,9946.92741491156
2026-07-20,0,0.0,0.0,0.0,9946.92741491156
2026-07-21,0,0.0,0.0,0.0,9946.92741491156
2026-07-22,0,0.0,0.0,0.0,9946.92741491156
2026-07-23,0,0.0,0.0,0.0,9946.92741491156
2026-07-24,0,0.0,0.0,0.0,9946.92741491156
2026-07-27,0,0.0,0.0,0.0,9946.92741491156
2026-07-28,0,0.0,0.0,0.0,9946.92741491156
2026-07-29,0,0.0,0.0,0.0,9946.92741491156
2026-07-30,0,0.0,0.0,0.0,9946.92741491156
2026-07-31,0,0.0,0.0,0.0,9946.92741491156
2026-08-03,0,0.0,0.0,0.0,9946.92741491156
2026-08-04,0,0.0,0.0,0.0,9946.92741491156
2026-08-05,0,0.0,0.0,0.0,9946.92741491156
2026-08-06,0,0.0,0.0,0.0,9946.92741491156
2026-08-07,0,0.0,0.0,0.0,9946.92741491156
2026-08-10,0,0.0,0.0,0.0,9946.92741491156
2026-08-11,0,0.0,0.0,0.0,9946.92741491156
2026-08-12,0,0.0,0.0,0.0,9946.92741491156
2026-08-13,0,0.0,0.0,0.0,9946.92741491156
2026-08-14,0,0.0,0.0,0.0,9946.92741491156
