date,n_positions,gross_return,cost_drag,net_return,equity
2017-05-08,0,0.0,0.0,0.0,1000000.0
2017-05-09,0,0.0,0.0,0.0,1000000.0
2017-05-11,0,0.0,0.0,0.0,1000000.0
2017-05-15,1,-0.008338296605122086,0.006522900536033353,-0.01486119714115544,985138.8028588446
2017-05-16,0,0.0,0.0,0.0,985138.8028588446
2017-05-17,0,0.0,0.0,0.0,985138.8028588446
2017-05-18,0,0.0,0.0,0.0,985138.8028588446
2017-05-21,0,0.0,0.0,0.0,985138.8028588446
2017-05-22,0,0.0,0.0,0.0,985138.8028588446
2017-05-23,0,0.0,0.0,0.0,985138.8028588446
2017-05-24,0,0.0,0.0,0.0,985138.8028588446
2017-05-28,0,0.0,0.0,0.0,985138.8028588446
2017-05-30,0,0.0,0.0,0.0,985138.8028588446
2017-05-31,0,0.0,0.0,0.0,985138.8028588446
2017-06-01,0,0.0,0.0,0.0,985138.8028588446
2017-06-04,0,0.0,0.0,0.0,985138.8028588446
2017-06-05,0,0.0,0.0,0.0,985138.8028588446
2017-06-06,0,0.0,0.0,0.0,985138.8028588446
2017-06-07,0,0.0,0.0,0.0,985138.8028588446
2017-06-08,0,0.0,0.0,0.0,985138.8028588446
2017-06-11,0,0.0,0.0,0.0,985138.8028588446
2017-06-12,0,0.0,0.0,0.0,985138.8028588446
2017-06-13,0,0.0,0.0,0.0,985138.8028588446
2017-06-14,1,-0.00919540229885063,0.0065208692117290756,-0.015716271510579707,969656.0939575075
2017-06-15,0,0.0,0.0,0.0,969656.0939575075
2017-06-18,0,0.0,0.0,0.0,969656.0939575075
2017-06-19,0,0.0,0.0,0.0,969656.0939575075
2017-06-20,0,0.0,0.0,0.0,969656.0939575075
2017-06-21,0,0.0,0.0,0.0,969656.0939575075
2017-06-22,1,0.0253623188405796,0.006633992209843053,0.01872832663073655,987816.1300046279
2017-06-25,1,-0.010600706713780883,0.006516164410562552,-0.017116871124343437,970907.8086127909
2017-06-27,0,0.0,0.0,0.0,970907.8086127909
2017-06-28,0,0.0,0.0,0.0,970907.8086127909
2017-07-02,0,0.0,0.0,0.0,970907.8086127909
2017-07-03,1,0.005192878338278861,0.00656837504995478,-0.001375496711675919,969572.3281147035
2017-07-04,0,0.0,0.0,0.0,969572.3281147035
2017-07-05,0,0.0,0.0,0.0,969572.3281147035
2017-07-06,0,0.0,0.0,0.0,969572.3281147035
2017-07-09,0,0.0,0.0,0.0,969572.3281147035
2017-07-10,0,0.0,0.0,0.0,969572.3281147035
2017-07-11,1,0.00863213811420982,0.006579623577393261,0.0020525145368165583,971562.3894126541
2017-07-12,0,0.0,0.0,0.0,971562.3894126541
2017-07-13,0,0.0,0.0,0.0,971562.3894126541
2017-07-16,0,0.0,0.0,0.0,971562.3894126541
2017-07-17,1,0.025673137132122825,0.006634901194621784,0.019038235937501043,990059.2234102944
2017-07-18,2,0.0006042412871680725,0.006901779600314654,-0.006297538313146582,983824.2875185839
2017-07-19,2,0.000717875089734421,0.007004120835877444,-0.006286245746143023,977639.7262762181
2017-07-20,1,0.03622735790131171,0.006668882497729011,0.029558475403582696,1006537.2660789189
2017-07-23,1,0.003909643788010397,0.006562381601921421,-0.0026527378139110233,1003867.1866120808
2017-07-24,0,0.0,0.0,0.0,1003867.1866120808
2017-07-25,1,0.020902612826603217,0.006617740877231897,0.01428487194937132,1018207.3008270101
2017-07-26,3,-0.002538961846849356,0.007038558323190591,-0.009577520170039946,1008455.3998660574
2017-07-27,1,0.003039513677811634,0.006559459194176927,-0.0035199455163652934,1004905.6918028446
2017-07-30,2,0.0044593497399347815,0.006614004712307398,-0.0021546549723726162,1002740.466757236
2017-07-31,2,0.0003125825482080957,0.006700010888252174,-0.0063874283400440785,996335.5338821618
2017-08-01,4,0.0021679932536982915,0.007108215165488928,-0.004940221911790637,991413.4152461815
2017-08-02,2,-0.0018077423688961924,0.006994629384103181,-0.008802371752999374,982686.6258042739
2017-08-03,1,0.0365926814637072,0.006669807135171608,0.02992287432853559,1012091.4342125478
2017-08-06,2,0.009813510693792382,0.0066306992119435585,0.0031828114818488237,1015312.7304500404
2017-08-07,1,0.006787330316742057,0.006571304734173946,0.0002160255825681117,1015532.0639741246
2017-08-09,2,-0.0034851645024557287,0.006587143764498344,-0.010072308266954072,1005303.3119708011
2017-08-10,0,0.0,0.0,0.0,1005303.3119708011
2017-08-13,0,0.0,0.0,0.0,1005303.3119708011
2017-08-15,0,0.0,0.0,0.0,1005303.3119708011
2017-08-16,0,0.0,0.0,0.0,1005303.3119708011
2017-08-17,0,0.0,0.0,0.0,1005303.3119708011
2017-08-20,0,0.0,0.0,0.0,1005303.3119708011
2017-08-21,0,0.0,0.0,0.0,1005303.3119708011
2017-08-22,1,-0.010833725859632604,0.0065145266241950755,-0.01734825248382768,987863.0562919035
2017-08-23,0,0.0,0.0,0.0,987863.0562919035
2017-08-24,1,0.0012247397428046813,0.006554594707109792,-0.005329854964305111,982597.8894772724
2017-08-27,1,-0.0028296547821166085,0.006541689137320462,-0.00937134391943707,973389.6267204679
2017-08-28,1,-0.012773722627737238,0.006509852293634839,-0.019283574921372077,954619.1949259173
2017-08-30,2,-0.01958755079889951,0.006937176762082298,-0.026524727560981808,929298.1808560236
2017-08-31,0,0.0,0.0,0.0,929298.1808560236
2017-09-04,0,0.0,0.0,0.0,929298.1808560236
2017-09-06,1,-0.053811659192825156,0.006378916151395299,-0.060190575344220454,873363.1886839621
2017-09-07,0,0.0,0.0,0.0,873363.1886839621
2017-09-10,1,-0.009302325581395321,0.006527017393138287,-0.01582934297453361,859538.4232289513
2017-09-11,0,0.0,0.0,0.0,859538.4232289513
2017-09-12,0,0.0,0.0,0.0,859538.4232289513
2017-09-13,0,0.0,0.0,0.0,859538.4232289513
2017-09-14,2,0.023446825441937214,0.007097233060029992,0.01634959238190722,873591.5260853319
2017-09-17,1,0.015261044176706928,0.006606833380987758,0.00865421079571917,881151.7713014284
2017-09-18,1,-0.007911392405063333,0.0065310318883071315,-0.014442424293370466,868425.8035534383
2017-09-20,0,0.0,0.0,0.0,868425.8035534383
2017-09-24,0,0.0,0.0,0.0,868425.8035534383
2017-09-25,0,0.0,0.0,0.0,868425.8035534383
2017-09-26,0,0.0,0.0,0.0,868425.8035534383
2017-10-03,1,-0.03699421965317917,0.006437344228721583,-0.04343156388190075,830708.7127897162
2017-10-04,0,0.0,0.0,0.0,830708.7127897162
2017-10-08,0,0.0,0.0,0.0,830708.7127897162
2017-10-09,0,0.0,0.0,0.0,830708.7127897162
2017-10-10,0,0.0,0.0,0.0,830708.7127897162
2017-10-11,0,0.0,0.0,0.0,830708.7127897162
2017-10-12,0,0.0,0.0,0.0,830708.7127897162
2017-10-15,0,0.0,0.0,0.0,830708.7127897162
2017-10-16,1,0.023121387283236983,0.006635334078408013,0.01648605320482897,844403.8208264825
2017-10-17,0,0.0,0.0,0.0,844403.8208264825
2017-10-18,0,0.0,0.0,0.0,844403.8208264825
2017-10-22,0,0.0,0.0,0.0,844403.8208264825
2017-10-23,0,0.0,0.0,0.0,844403.8208264825
2017-10-24,0,0.0,0.0,0.0,844403.8208264825
2017-10-25,1,-0.008855154965211942,0.006530434121251702,-0.015385589086463643,831412.1706162064
2017-10-29,0,0.0,0.0,0.0,831412.1706162064
2017-10-30,0,0.0,0.0,0.0,831412.1706162064
2017-10-31,0,0.0,0.0,0.0,831412.1706162064
2017-11-01,0,0.0,0.0,0.0,831412.1706162064
2017-11-02,0,0.0,0.0,0.0,831412.1706162064
2017-11-05,0,0.0,0.0,0.0,831412.1706162064
2017-11-06,0,0.0,0.0,0.0,831412.1706162064
2017-11-07,0,0.0,0.0,0.0,831412.1706162064
2017-11-08,0,0.0,0.0,0.0,831412.1706162064
2017-11-09,0,0.0,0.0,0.0,831412.1706162064
2017-11-12,0,0.0,0.0,0.0,831412.1706162064
2017-11-13,0,0.0,0.0,0.0,831412.1706162064
2017-11-14,0,0.0,0.0,0.0,831412.1706162064
2017-11-15,0,0.0,0.0,0.0,831412.1706162064
2017-11-16,0,0.0,0.0,0.0,831412.1706162064
2017-11-19,0,0.0,0.0,0.0,831412.1706162064
2017-11-20,0,0.0,0.0,0.0,831412.1706162064
2017-11-21,0,0.0,0.0,0.0,831412.1706162064
2017-11-22,0,0.0,0.0,0.0,831412.1706162064
2017-11-23,1,-0.1887788778877888,0.005946607290208026,-0.19472548517799682,669515.0323100741
2017-11-26,1,0.0,0.006574680922140735,-0.006574680922140735,665113.1846000586
2017-11-27,0,0.0,0.0,0.0,665113.1846000586
2017-11-28,1,-0.002452984464431762,0.006567202975419756,-0.009020187439851519,659113.7390062495
2017-11-29,2,-0.0059271694214876325,0.007031270148113564,-0.012958439569601196,650572.653449843
2017-11-30,0,0.0,0.0,0.0,650572.653449843
2017-12-04,1,0.009146341463414531,0.006606580976692997,0.002539760486721534,652224.9521688165
2017-12-05,0,0.0,0.0,0.0,652224.9521688165
2017-12-06,2,-0.007851784839232545,0.007026232676711549,-0.014878017515944093,642521.137906113
2017-12-10,0,0.0,0.0,0.0,642521.137906113
2017-12-11,0,0.0,0.0,0.0,642521.137906113
2017-12-12,0,0.0,0.0,0.0,642521.137906113
2017-12-13,2,-0.008329839273235495,0.007026898957482835,-0.015356738230718332,632654.1089835856
2017-12-14,0,0.0,0.0,0.0,632654.1089835856
2017-12-17,0,0.0,0.0,0.0,632654.1089835856
2017-12-18,1,0.004188481675392763,0.006592644692621643,-0.0024041630172288797,631133.1053720694
2017-12-19,0,0.0,0.0,0.0,631133.1053720694
2017-12-20,0,0.0,0.0,0.0,631133.1053720694
2017-12-21,0,0.0,0.0,0.0,631133.1053720694
2017-12-24,0,0.0,0.0,0.0,631133.1053720694
2017-12-26,0,0.0,0.0,0.0,631133.1053720694
2017-12-27,0,0.0,0.0,0.0,631133.1053720694
2017-12-28,1,-0.031932773109243695,0.006475441078595467,-0.038408214187839164,606892.409879903
2017-12-31,0,0.0,0.0,0.0,606892.409879903
2018-01-01,2,0.014724267680854497,0.007115572575292199,0.007608695105562298,611510.0691885591
2018-01-02,1,-0.005807200929152101,0.006562891399424715,-0.012370092328576816,603945.6331728422
2018-01-03,0,0.0,0.0,0.0,603945.6331728422
2018-01-04,1,0.0034403669724769603,0.006593970101551776,-0.0031536031290748156,602041.0283342772
2018-01-07,0,0.0,0.0,0.0,602041.0283342772
2018-01-08,1,0.047085201793722,0.006736077724041006,0.04034912406968099,626332.8564815753
2018-01-09,0,0.0,0.0,0.0,626332.8564815753
2018-01-10,0,0.0,0.0,0.0,626332.8564815753
2018-01-14,0,0.0,0.0,0.0,626332.8564815753
2018-01-16,0,0.0,0.0,0.0,626332.8564815753
2018-01-17,0,0.0,0.0,0.0,626332.8564815753
2018-01-21,0,0.0,0.0,0.0,626332.8564815753
2018-01-22,0,0.0,0.0,0.0,626332.8564815753
2018-01-23,0,0.0,0.0,0.0,626332.8564815753
2018-01-24,0,0.0,0.0,0.0,626332.8564815753
2018-01-25,0,0.0,0.0,0.0,626332.8564815753
2018-01-28,2,-0.007706901489117957,0.0070330707047118034,-0.01473997219382976,617100.7275929549
2018-01-29,0,0.0,0.0,0.0,617100.7275929549
2018-01-31,1,-0.002777777777777768,0.006571996271885927,-0.009349774049663695,611330.9752240777
2018-02-01,2,0.004395667209694476,0.007078742563978647,-0.0026830753542841706,609690.7281511435
2018-02-04,1,-0.012307692307692353,0.006542008791820769,-0.018849701099513123,598198.24016235
2018-02-05,0,0.0,0.0,0.0,598198.24016235
2018-02-06,0,0.0,0.0,0.0,598198.24016235
2018-02-07,0,0.0,0.0,0.0,598198.24016235
2018-02-08,0,0.0,0.0,0.0,598198.24016235
2018-02-11,0,0.0,0.0,0.0,598198.24016235
2018-02-12,0,0.0,0.0,0.0,598198.24016235
2018-02-14,0,0.0,0.0,0.0,598198.24016235
2018-02-15,2,-0.0073457394711067825,0.007041825861796441,-0.014387565332903224,589591.6238999865
2018-02-18,0,0.0,0.0,0.0,589591.6238999865
2018-02-20,0,0.0,0.0,0.0,589591.6238999865
2018-02-21,0,0.0,0.0,0.0,589591.6238999865
2018-02-22,0,0.0,0.0,0.0,589591.6238999865
2018-02-25,0,0.0,0.0,0.0,589591.6238999865
2018-02-26,0,0.0,0.0,0.0,589591.6238999865
2018-02-27,0,0.0,0.0,0.0,589591.6238999865
2018-02-28,0,0.0,0.0,0.0,589591.6238999865
2018-03-04,0,0.0,0.0,0.0,589591.6238999865
2018-03-05,0,0.0,0.0,0.0,589591.6238999865
2018-03-06,2,0.02351962741184299,0.0071507516369950395,0.01636887577484795,599242.5759494962
2018-03-07,1,-0.02196531791907519,0.006512051380847872,-0.02847736929992306,582177.7238139452
2018-03-11,0,0.0,0.0,0.0,582177.7238139452
2018-03-12,0,0.0,0.0,0.0,582177.7238139452
2018-03-13,0,0.0,0.0,0.0,582177.7238139452
2018-03-14,0,0.0,0.0,0.0,582177.7238139452
2018-03-15,0,0.0,0.0,0.0,582177.7238139452
2018-03-18,0,0.0,0.0,0.0,582177.7238139452
2018-03-19,0,0.0,0.0,0.0,582177.7238139452
2018-03-20,0,0.0,0.0,0.0,582177.7238139452
2018-03-21,0,0.0,0.0,0.0,582177.7238139452
2018-03-22,0,0.0,0.0,0.0,582177.7238139452
2018-03-26,1,0.050561797752809,0.0067502102693154315,0.04381158748349357,607683.854091761
2018-03-27,4,-0.0035971707042368184,0.007216708263484634,-0.010813878967721452,601112.4344429743
2018-03-28,0,0.0,0.0,0.0,601112.4344429743
2018-03-29,0,0.0,0.0,0.0,601112.4344429743
2018-04-01,0,0.0,0.0,0.0,601112.4344429743
2018-04-02,0,0.0,0.0,0.0,601112.4344429743
2018-04-03,0,0.0,0.0,0.0,601112.4344429743
2018-04-04,1,0.041860465116279055,0.006719225626108101,0.03514123949017096,622236.2704622545
2018-04-05,1,0.046428571428571486,0.006731248185775267,0.03969732324279622,646937.3848241866
2018-04-08,2,-0.018408457887097385,0.006991065285061209,-0.025399523172158593,630505.483727409
2018-04-09,0,0.0,0.0,0.0,630505.483727409
2018-04-10,0,0.0,0.0,0.0,630505.483727409
2018-04-11,0,0.0,0.0,0.0,630505.483727409
2018-04-12,0,0.0,0.0,0.0,630505.483727409
2018-04-15,0,0.0,0.0,0.0,630505.483727409
2018-04-16,0,0.0,0.0,0.0,630505.483727409
2018-04-17,1,-0.007444168734491274,0.00655510790305217,-0.013999276637543443,621678.8630392209
2018-04-18,2,0.01936359241789476,0.007127659146906892,0.012235933270987868,629285.6841233524
2018-04-19,2,0.019983238931915448,0.007127852511103254,0.012855386420812194,637375.3947618434
2018-04-22,2,-0.016001187574654963,0.007001689314225694,-0.023002876888880655,622713.9270241349
2018-04-23,0,0.0,0.0,0.0,622713.9270241349
2018-04-24,0,0.0,0.0,0.0,622713.9270241349
2018-04-25,0,0.0,0.0,0.0,622713.9270241349
2018-04-26,0,0.0,0.0,0.0,622713.9270241349
2018-04-29,0,0.0,0.0,0.0,622713.9270241349
2018-05-02,0,0.0,0.0,0.0,622713.9270241349
2018-05-03,0,0.0,0.0,0.0,622713.9270241349
2018-05-06,0,0.0,0.0,0.0,622713.9270241349
2018-05-07,0,0.0,0.0,0.0,622713.9270241349
2018-05-08,0,0.0,0.0,0.0,622713.9270241349
2018-05-09,0,0.0,0.0,0.0,622713.9270241349
2018-05-10,0,0.0,0.0,0.0,622713.9270241349
2018-05-14,0,0.0,0.0,0.0,622713.9270241349
2018-05-15,0,0.0,0.0,0.0,622713.9270241349
2018-05-16,0,0.0,0.0,0.0,622713.9270241349
2018-05-17,0,0.0,0.0,0.0,622713.9270241349
2018-05-20,0,0.0,0.0,0.0,622713.9270241349
2018-05-21,0,0.0,0.0,0.0,622713.9270241349
2018-05-22,0,0.0,0.0,0.0,622713.9270241349
2018-05-23,0,0.0,0.0,0.0,622713.9270241349
2018-05-24,0,0.0,0.0,0.0,622713.9270241349
2018-05-27,0,0.0,0.0,0.0,622713.9270241349
2018-05-28,0,0.0,0.0,0.0,622713.9270241349
2018-05-29,0,0.0,0.0,0.0,622713.9270241349
2018-05-30,0,0.0,0.0,0.0,622713.9270241349
2018-05-31,0,0.0,0.0,0.0,622713.9270241349
2018-06-03,0,0.0,0.0,0.0,622713.9270241349
2018-06-04,0,0.0,0.0,0.0,622713.9270241349
2018-06-06,0,0.0,0.0,0.0,622713.9270241349
2018-06-07,0,0.0,0.0,0.0,622713.9270241349
2018-06-10,0,0.0,0.0,0.0,622713.9270241349
2018-06-11,0,0.0,0.0,0.0,622713.9270241349
2018-06-12,0,0.0,0.0,0.0,622713.9270241349
2018-06-13,0,0.0,0.0,0.0,622713.9270241349
2018-06-14,0,0.0,0.0,0.0,622713.9270241349
2018-06-17,0,0.0,0.0,0.0,622713.9270241349
2018-06-18,0,0.0,0.0,0.0,622713.9270241349
2018-06-19,0,0.0,0.0,0.0,622713.9270241349
2018-06-20,0,0.0,0.0,0.0,622713.9270241349
2018-06-21,0,0.0,0.0,0.0,622713.9270241349
2018-06-24,0,0.0,0.0,0.0,622713.9270241349
2018-06-25,0,0.0,0.0,0.0,622713.9270241349
2018-06-26,0,0.0,0.0,0.0,622713.9270241349
2018-06-27,0,0.0,0.0,0.0,622713.9270241349
2018-06-28,0,0.0,0.0,0.0,622713.9270241349
2018-07-01,0,0.0,0.0,0.0,622713.9270241349
2018-07-02,0,0.0,0.0,0.0,622713.9270241349
2018-07-03,0,0.0,0.0,0.0,622713.9270241349
2018-07-04,0,0.0,0.0,0.0,622713.9270241349
2018-07-05,0,0.0,0.0,0.0,622713.9270241349
2018-07-08,0,0.0,0.0,0.0,622713.9270241349
2018-07-09,0,0.0,0.0,0.0,622713.9270241349
2018-07-10,0,0.0,0.0,0.0,622713.9270241349
2018-07-11,0,0.0,0.0,0.0,622713.9270241349
2018-07-12,0,0.0,0.0,0.0,622713.9270241349
2018-07-15,0,0.0,0.0,0.0,622713.9270241349
2018-07-16,0,0.0,0.0,0.0,622713.9270241349
2018-07-17,0,0.0,0.0,0.0,622713.9270241349
2018-07-18,0,0.0,0.0,0.0,622713.9270241349
2018-07-19,0,0.0,0.0,0.0,622713.9270241349
2018-07-22,0,0.0,0.0,0.0,622713.9270241349
2018-07-23,0,0.0,0.0,0.0,622713.9270241349
2018-07-24,1,0.0,0.006580293691581531,-0.006580293691581531,618616.286498478
2018-07-25,0,0.0,0.0,0.0,618616.286498478
2018-07-26,0,0.0,0.0,0.0,618616.286498478
2018-07-29,0,0.0,0.0,0.0,618616.286498478
2018-07-30,0,0.0,0.0,0.0,618616.286498478
2018-07-31,0,0.0,0.0,0.0,618616.286498478
2018-08-01,0,0.0,0.0,0.0,618616.286498478
2018-08-02,0,0.0,0.0,0.0,618616.286498478
2018-08-05,0,0.0,0.0,0.0,618616.286498478
2018-08-06,0,0.0,0.0,0.0,618616.286498478
2018-08-07,0,0.0,0.0,0.0,618616.286498478
2018-08-08,1,-0.016574585635359074,0.006526958144106429,-0.0231015437794655,604325.2952732431
2018-08-09,0,0.0,0.0,0.0,604325.2952732431
2018-08-12,0,0.0,0.0,0.0,604325.2952732431
2018-08-13,0,0.0,0.0,0.0,604325.2952732431
2018-08-14,0,0.0,0.0,0.0,604325.2952732431
2018-08-15,2,0.013950498232079722,0.007113603013862021,0.006836895218217701,608457.0039947447
2018-08-16,1,0.002089864158829613,0.006588967133618844,-0.004499102974789231,605719.4932780406
2018-08-19,0,0.0,0.0,0.0,605719.4932780406
2018-08-20,0,0.0,0.0,0.0,605719.4932780406
2018-08-21,0,0.0,0.0,0.0,605719.4932780406
2018-08-22,0,0.0,0.0,0.0,605719.4932780406
2018-08-23,0,0.0,0.0,0.0,605719.4932780406
2018-08-26,0,0.0,0.0,0.0,605719.4932780406
2018-08-28,0,0.0,0.0,0.0,605719.4932780406
2018-08-29,0,0.0,0.0,0.0,605719.4932780406
2018-08-30,0,0.0,0.0,0.0,605719.4932780406
2018-09-02,1,0.01473684210526316,0.006630441196969069,0.00810640090829409,610629.6983285211
2018-09-03,2,0.0010373443983402453,0.007067344210663902,-0.0060299998123236566,606947.6013622009
2018-09-04,1,0.01914893617021285,0.006644613476770878,0.012504322693441972,614537.0700276445
2018-09-05,4,-0.011333580971679691,0.0071863473728653125,-0.018519928344545,603155.8875256659
2018-09-06,0,0.0,0.0,0.0,603155.8875256659
2018-09-09,1,-0.006185567010309256,0.006562794216244042,-0.012748361226553298,595466.6383955664
2018-09-10,0,0.0,0.0,0.0,595466.6383955664
2018-09-11,0,0.0,0.0,0.0,595466.6383955664
2018-09-12,1,0.006329113924050667,0.0066045373806212695,-0.00027542345657060284,595302.632915747
2018-09-13,1,0.0010330578512396382,0.006587348331446823,-0.005554290480207185,591996.1491689008
2018-09-16,2,-0.0014316880283610223,0.0070639806940090075,-0.00849566872237003,586966.746000643
2018-09-17,1,0.0,0.006585183701360732,-0.006585183701360732,583101.4621516388
2018-09-18,1,0.0010482180293500676,0.006589155078725519,-0.005540937049375452,579870.5336564578
2018-09-20,0,0.0,0.0,0.0,579870.5336564578
2018-09-23,1,0.012422360248447228,0.006626598814572197,0.005795761433875031,583231.3249320644
2018-09-25,1,-0.006134969325153339,0.0065657906270187175,-0.012700759952172055,575823.843877515
2018-09-26,1,0.011739594450373536,0.006624985793088719,0.005114608657284817,578768.957494482
2018-09-27,1,0.0,0.0065863902587596475,-0.0065863902587596475,574956.959270768
2018-09-30,0,0.0,0.0,0.0,574956.959270768
2018-10-01,0,0.0,0.0,0.0,574956.959270768
2018-10-02,0,0.0,0.0,0.0,574956.959270768
2018-10-03,0,0.0,0.0,0.0,574956.959270768
2018-10-04,0,0.0,0.0,0.0,574956.959270768
2018-10-07,0,0.0,0.0,0.0,574956.959270768
2018-10-08,0,0.0,0.0,0.0,574956.959270768
2018-10-09,0,0.0,0.0,0.0,574956.959270768
2018-10-10,0,0.0,0.0,0.0,574956.959270768
2018-10-11,0,0.0,0.0,0.0,574956.959270768
2018-10-14,1,0.004376367614879584,0.0066011862259697145,-0.0022248186110901307,573677.7843272066
2018-10-15,1,0.003129890453834161,0.006597329083577632,-0.0034674386297434707,571688.5918168047
2018-10-21,0,0.0,0.0,0.0,571688.5918168047
2018-10-22,0,0.0,0.0,0.0,571688.5918168047
2018-10-23,0,0.0,0.0,0.0,571688.5918168047
2018-10-24,1,-0.0010695187165775666,0.006583984266658463,-0.0076535029832360294,567313.1714738528
2018-10-25,0,0.0,0.0,0.0,567313.1714738528
2018-10-28,0,0.0,0.0,0.0,567313.1714738528
2018-10-29,0,0.0,0.0,0.0,567313.1714738528
2018-10-30,0,0.0,0.0,0.0,567313.1714738528
2018-10-31,0,0.0,0.0,0.0,567313.1714738528
2018-11-01,0,0.0,0.0,0.0,567313.1714738528
2018-11-04,0,0.0,0.0,0.0,567313.1714738528
2018-11-05,0,0.0,0.0,0.0,567313.1714738528
2018-11-06,0,0.0,0.0,0.0,567313.1714738528
2018-11-11,0,0.0,0.0,0.0,567313.1714738528
2018-11-12,0,0.0,0.0,0.0,567313.1714738528
2018-11-13,0,0.0,0.0,0.0,567313.1714738528
2018-11-14,0,0.0,0.0,0.0,567313.1714738528
2018-11-15,0,0.0,0.0,0.0,567313.1714738528
2018-11-18,0,0.0,0.0,0.0,567313.1714738528
2018-11-19,0,0.0,0.0,0.0,567313.1714738528
2018-11-20,0,0.0,0.0,0.0,567313.1714738528
2018-11-21,0,0.0,0.0,0.0,567313.1714738528
2018-11-22,0,0.0,0.0,0.0,567313.1714738528
2018-11-25,0,0.0,0.0,0.0,567313.1714738528
2018-11-26,0,0.0,0.0,0.0,567313.1714738528
2018-11-27,0,0.0,0.0,0.0,567313.1714738528
2018-11-28,0,0.0,0.0,0.0,567313.1714738528
2018-11-29,0,0.0,0.0,0.0,567313.1714738528
2018-12-02,0,0.0,0.0,0.0,567313.1714738528
2018-12-03,0,0.0,0.0,0.0,567313.1714738528
2018-12-04,0,0.0,0.0,0.0,567313.1714738528
2018-12-05,0,0.0,0.0,0.0,567313.1714738528
2018-12-06,0,0.0,0.0,0.0,567313.1714738528
2018-12-09,0,0.0,0.0,0.0,567313.1714738528
2018-12-10,0,0.0,0.0,0.0,567313.1714738528
2018-12-11,0,0.0,0.0,0.0,567313.1714738528
2018-12-12,0,0.0,0.0,0.0,567313.1714738528
2018-12-13,0,0.0,0.0,0.0,567313.1714738528
2018-12-16,1,0.0,0.006588134741998149,-0.006588134741998149,563575.6358592728
2018-12-17,0,0.0,0.0,0.0,563575.6358592728
2018-12-18,0,0.0,0.0,0.0,563575.6358592728
2018-12-19,0,0.0,0.0,0.0,563575.6358592728
2018-12-20,1,0.03645833333333326,0.006707208819614308,0.029751124513718953,580342.6447746203
2018-12-23,2,0.0013861879054716808,0.007077094345161226,-0.005690906439689545,577039.9690802459
2018-12-24,0,0.0,0.0,0.0,577039.9690802459
2018-12-25,0,0.0,0.0,0.0,577039.9690802459
2018-12-26,3,0.012601626016260173,0.007203422941028639,0.005398203075231534,580154.9480158665
2018-12-27,0,0.0,0.0,0.0,580154.9480158665
2018-12-30,0,0.0,0.0,0.0,580154.9480158665
2018-12-31,1,0.0,0.006586183872379268,-0.006586183872379268,576333.9408537633
2019-01-01,0,0.0,0.0,0.0,576333.9408537633
2019-01-02,0,0.0,0.0,0.0,576333.9408537633
2019-01-03,0,0.0,0.0,0.0,576333.9408537633
2019-01-06,0,0.0,0.0,0.0,576333.9408537633
2019-01-07,1,-0.0018181818181818299,0.006580846167554312,-0.008399027985736142,571493.2959554029
2019-01-08,1,0.001890359168241984,0.00659363375747608,-0.004703274589234096,568805.4060586182
2019-01-09,0,0.0,0.0,0.0,568805.4060586182
2019-01-10,0,0.0,0.0,0.0,568805.4060586182
2019-01-13,0,0.0,0.0,0.0,568805.4060586182
2019-01-14,0,0.0,0.0,0.0,568805.4060586182
2019-01-15,1,-0.019791666666666652,0.006523580607926148,-0.0263152472745928,553837.1511470606
2019-01-16,0,0.0,0.0,0.0,553837.1511470606
2019-01-17,0,0.0,0.0,0.0,553837.1511470606
2019-01-20,0,0.0,0.0,0.0,553837.1511470606
2019-01-21,0,0.0,0.0,0.0,553837.1511470606
2019-01-22,0,0.0,0.0,0.0,553837.1511470606
2019-01-23,1,-0.013667425968109326,0.006545860110859121,-0.020213286078968447,542642.2823697642
2019-01-24,1,-0.016759776536312887,0.0065376724587103505,-0.023297448995023236,530000.1014737115
2019-01-27,0,0.0,0.0,0.0,530000.1014737115
2019-01-28,0,0.0,0.0,0.0,530000.1014737115
2019-01-29,0,0.0,0.0,0.0,530000.1014737115
2019-01-30,0,0.0,0.0,0.0,530000.1014737115
2019-01-31,1,0.0,0.006594339604579264,-0.006594339604579264,526505.1008141325
2019-02-03,0,0.0,0.0,0.0,526505.1008141325
2019-02-04,0,0.0,0.0,0.0,526505.1008141325
2019-02-05,0,0.0,0.0,0.0,526505.1008141325
2019-02-06,0,0.0,0.0,0.0,526505.1008141325
2019-02-07,0,0.0,0.0,0.0,526505.1008141325
2019-02-10,0,0.0,0.0,0.0,526505.1008141325
2019-02-11,0,0.0,0.0,0.0,526505.1008141325
2019-02-12,0,0.0,0.0,0.0,526505.1008141325
2019-02-13,0,0.0,0.0,0.0,526505.1008141325
2019-02-14,0,0.0,0.0,0.0,526505.1008141325
2019-02-17,0,0.0,0.0,0.0,526505.1008141325
2019-02-18,0,0.0,0.0,0.0,526505.1008141325
2019-02-19,0,0.0,0.0,0.0,526505.1008141325
2019-02-20,0,0.0,0.0,0.0,526505.1008141325
2019-02-21,0,0.0,0.0,0.0,526505.1008141325
2019-02-24,0,0.0,0.0,0.0,526505.1008141325
2019-02-25,0,0.0,0.0,0.0,526505.1008141325
2019-02-26,0,0.0,0.0,0.0,526505.1008141325
2019-02-27,0,0.0,0.0,0.0,526505.1008141325
2019-03-03,0,0.0,0.0,0.0,526505.1008141325
2019-03-05,0,0.0,0.0,0.0,526505.1008141325
2019-03-06,0,0.0,0.0,0.0,526505.1008141325
2019-03-07,0,0.0,0.0,0.0,526505.1008141325
2019-03-10,0,0.0,0.0,0.0,526505.1008141325
2019-03-11,0,0.0,0.0,0.0,526505.1008141325
2019-03-12,1,-0.0036900369003689537,0.006582973221663341,-0.010273010122032295,521096.3085841673
2019-03-13,0,0.0,0.0,0.0,521096.3085841673
2019-03-14,0,0.0,0.0,0.0,521096.3085841673
2019-03-17,1,0.0036101083032491488,0.006607684404848889,-0.00299757610159974,519534.28274292353
2019-03-18,0,0.0,0.0,0.0,519534.28274292353
2019-03-19,0,0.0,0.0,0.0,519534.28274292353
2019-03-21,0,0.0,0.0,0.0,519534.28274292353
2019-03-24,0,0.0,0.0,0.0,519534.28274292353
2019-03-25,0,0.0,0.0,0.0,519534.28274292353
2019-03-26,0,0.0,0.0,0.0,519534.28274292353
2019-03-27,0,0.0,0.0,0.0,519534.28274292353
2019-03-28,0,0.0,0.0,0.0,519534.28274292353
2019-03-31,0,0.0,0.0,0.0,519534.28274292353
2019-04-01,1,0.03315881326352521,0.0067040061828128284,0.02645480708071238,533278.4619647039
2019-04-02,1,0.0,0.00659375964635022,-0.00659375964635022,529762.1519619332
2019-04-03,0,0.0,0.0,0.0,529762.1519619332
2019-04-04,1,0.030201342281879207,0.006692536340847048,0.02350880594103216,542216.2275873099
2019-04-07,0,0.0,0.0,0.0,542216.2275873099
2019-04-08,0,0.0,0.0,0.0,542216.2275873099
2019-04-09,0,0.0,0.0,0.0,542216.2275873099
2019-04-10,0,0.0,0.0,0.0,542216.2275873099
2019-04-11,0,0.0,0.0,0.0,542216.2275873099
2019-04-15,0,0.0,0.0,0.0,542216.2275873099
2019-04-16,1,0.01041666666666674,0.006626068300910646,0.0037905983657560947,544271.5515334888
2019-04-17,0,0.0,0.0,0.0,544271.5515334888
2019-04-18,2,0.05362015772841078,0.007268721359133411,0.04635143636927737,569499.3197220012
2019-04-21,2,0.0051470588235293935,0.007093350187799723,-0.0019462913642703293,568390.9081140684
2019-04-22,1,-0.006968641114982632,0.006565319544440416,-0.013533960659423049,560698.3279244789
2019-04-23,0,0.0,0.0,0.0,560698.3279244789
2019-04-24,0,0.0,0.0,0.0,560698.3279244789
2019-04-25,1,0.0307234886025769,0.006689025850365222,0.024034462752211674,574174.4110022072
2019-04-28,3,0.015411855155699502,0.007214415562406778,0.008197439593292725,578881.1710524121
2019-04-29,0,0.0,0.0,0.0,578881.1710524121
2019-04-30,2,0.007915180157222479,0.007100054396321612,0.0008151257609008665,579353.0320074374
2019-05-02,0,0.0,0.0,0.0,579353.0320074374
2019-05-05,0,0.0,0.0,0.0,579353.0320074374
2019-05-06,1,-0.0031948881789137795,0.006575919777875531,-0.00977080795678931,573692.2847925092
2019-05-07,0,0.0,0.0,0.0,573692.2847925092
2019-05-08,1,-0.01273885350318471,0.006545753462765995,-0.019284606965950704,562628.8545608873
2019-05-09,0,0.0,0.0,0.0,562628.8545608873
2019-05-12,0,0.0,0.0,0.0,562628.8545608873
2019-05-13,0,0.0,0.0,0.0,562628.8545608873
2019-05-14,1,0.008902077151335286,0.006617800282091912,0.0022842768692433735,563914.0546393297
2019-05-15,2,-0.006982952416635435,0.007053240801505889,-0.014036193218141323,555998.8480099866
2019-05-16,0,0.0,0.0,0.0,555998.8480099866
2019-05-19,0,0.0,0.0,0.0,555998.8480099866
2019-05-20,0,0.0,0.0,0.0,555998.8480099866
2019-05-21,0,0.0,0.0,0.0,555998.8480099866
2019-05-22,1,-0.05785123966942152,0.0064019117149528675,-0.06425315138437439,520274.1698592632
2019-05-23,0,0.0,0.0,0.0,520274.1698592632
2019-05-26,0,0.0,0.0,0.0,520274.1698592632
2019-05-27,0,0.0,0.0,0.0,520274.1698592632
2019-05-28,0,0.0,0.0,0.0,520274.1698592632
2019-05-29,0,0.0,0.0,0.0,520274.1698592632
2019-05-30,0,0.0,0.0,0.0,520274.1698592632
2019-06-02,0,0.0,0.0,0.0,520274.1698592632
2019-06-03,0,0.0,0.0,0.0,520274.1698592632
2019-06-04,0,0.0,0.0,0.0,520274.1698592632
2019-06-06,0,0.0,0.0,0.0,520274.1698592632
2019-06-10,0,0.0,0.0,0.0,520274.1698592632
2019-06-11,0,0.0,0.0,0.0,520274.1698592632
2019-06-12,0,0.0,0.0,0.0,520274.1698592632
2019-06-13,0,0.0,0.0,0.0,520274.1698592632
2019-06-16,0,0.0,0.0,0.0,520274.1698592632
2019-06-17,0,0.0,0.0,0.0,520274.1698592632
2019-06-18,0,0.0,0.0,0.0,520274.1698592632
2019-06-19,0,0.0,0.0,0.0,520274.1698592632
2019-06-20,0,0.0,0.0,0.0,520274.1698592632
2019-06-23,0,0.0,0.0,0.0,520274.1698592632
2019-06-24,0,0.0,0.0,0.0,520274.1698592632
2019-06-25,0,0.0,0.0,0.0,520274.1698592632
2019-06-26,0,0.0,0.0,0.0,520274.1698592632
2019-06-27,0,0.0,0.0,0.0,520274.1698592632
2019-06-30,0,0.0,0.0,0.0,520274.1698592632
2019-07-01,0,0.0,0.0,0.0,520274.1698592632
2019-07-02,0,0.0,0.0,0.0,520274.1698592632
2019-07-03,0,0.0,0.0,0.0,520274.1698592632
2019-07-04,0,0.0,0.0,0.0,520274.1698592632
2019-07-07,0,0.0,0.0,0.0,520274.1698592632
2019-07-08,0,0.0,0.0,0.0,520274.1698592632
2019-07-09,0,0.0,0.0,0.0,520274.1698592632
2019-07-10,0,0.0,0.0,0.0,520274.1698592632
2019-07-11,0,0.0,0.0,0.0,520274.1698592632
2019-07-14,0,0.0,0.0,0.0,520274.1698592632
2019-07-15,0,0.0,0.0,0.0,520274.1698592632
2019-07-16,0,0.0,0.0,0.0,520274.1698592632
2019-07-17,0,0.0,0.0,0.0,520274.1698592632
2019-07-18,1,-0.0010266940451745254,0.006592766420133608,-0.007619460465308134,516309.9613908995
2019-07-21,0,0.0,0.0,0.0,516309.9613908995
2019-07-22,1,0.022517911975435068,0.006670024266270392,0.015847887709164676,524492.3836821456
2019-07-23,2,0.002983122148961348,0.007100952309319081,-0.0041178301603577334,522332.61312574137
2019-07-24,2,-0.01017642657047474,0.007056340220258368,-0.017232766790733108,513331.3770165512
2019-07-25,0,0.0,0.0,0.0,513331.3770165512
2019-07-28,0,0.0,0.0,0.0,513331.3770165512
2019-07-29,0,0.0,0.0,0.0,513331.3770165512
2019-07-30,0,0.0,0.0,0.0,513331.3770165512
2019-07-31,0,0.0,0.0,0.0,513331.3770165512
2019-08-01,0,0.0,0.0,0.0,513331.3770165512
2019-08-04,1,0.0009891196834816984,0.006600617607577281,-0.005611497924095582,510450.8190600497
2019-08-05,0,0.0,0.0,0.0,510450.8190600497
2019-08-06,0,0.0,0.0,0.0,510450.8190600497
2019-08-07,0,0.0,0.0,0.0,510450.8190600497
2019-08-08,0,0.0,0.0,0.0,510450.8190600497
2019-08-11,0,0.0,0.0,0.0,510450.8190600497
2019-08-12,0,0.0,0.0,0.0,510450.8190600497
2019-08-13,0,0.0,0.0,0.0,510450.8190600497
2019-08-14,0,0.0,0.0,0.0,510450.8190600497
2019-08-15,0,0.0,0.0,0.0,510450.8190600497
2019-08-18,0,0.0,0.0,0.0,510450.8190600497
2019-08-19,0,0.0,0.0,0.0,510450.8190600497
2019-08-20,0,0.0,0.0,0.0,510450.8190600497
2019-08-21,0,0.0,0.0,0.0,510450.8190600497
2019-08-22,0,0.0,0.0,0.0,510450.8190600497
2019-08-25,0,0.0,0.0,0.0,510450.8190600497
2019-08-26,1,0.031353135313531455,0.00669985031935251,0.024653284994178945,523035.1085778492
2019-08-27,0,0.0,0.0,0.0,523035.1085778492
2019-08-28,0,0.0,0.0,0.0,523035.1085778492
2019-08-29,0,0.0,0.0,0.0,523035.1085778492
2019-09-01,0,0.0,0.0,0.0,523035.1085778492
2019-09-02,0,0.0,0.0,0.0,523035.1085778492
2019-09-03,0,0.0,0.0,0.0,523035.1085778492
2019-09-04,0,0.0,0.0,0.0,523035.1085778492
2019-09-05,0,0.0,0.0,0.0,523035.1085778492
2019-09-08,0,0.0,0.0,0.0,523035.1085778492
2019-09-09,0,0.0,0.0,0.0,523035.1085778492
2019-09-10,0,0.0,0.0,0.0,523035.1085778492
2019-09-11,0,0.0,0.0,0.0,523035.1085778492
2019-09-12,0,0.0,0.0,0.0,523035.1085778492
2019-09-15,1,-0.017857142857142905,0.006537560162893452,-0.024394703020036358,510275.82243504014
2019-09-16,0,0.0,0.0,0.0,510275.82243504014
2019-09-17,0,0.0,0.0,0.0,510275.82243504014
2019-09-18,0,0.0,0.0,0.0,510275.82243504014
2019-09-19,0,0.0,0.0,0.0,510275.82243504014
2019-09-22,0,0.0,0.0,0.0,510275.82243504014
2019-09-23,0,0.0,0.0,0.0,510275.82243504014
2019-09-24,0,0.0,0.0,0.0,510275.82243504014
2019-09-25,0,0.0,0.0,0.0,510275.82243504014
2019-09-26,0,0.0,0.0,0.0,510275.82243504014
2019-09-29,0,0.0,0.0,0.0,510275.82243504014
2019-09-30,0,0.0,0.0,0.0,510275.82243504014
2019-10-01,0,0.0,0.0,0.0,510275.82243504014
2019-10-02,0,0.0,0.0,0.0,510275.82243504014
2019-10-03,0,0.0,0.0,0.0,510275.82243504014
2019-10-10,0,0.0,0.0,0.0,510275.82243504014
2019-10-14,0,0.0,0.0,0.0,510275.82243504014
2019-10-15,0,0.0,0.0,0.0,510275.82243504014
2019-10-16,0,0.0,0.0,0.0,510275.82243504014
2019-10-17,0,0.0,0.0,0.0,510275.82243504014
2019-10-20,0,0.0,0.0,0.0,510275.82243504014
2019-10-21,0,0.0,0.0,0.0,510275.82243504014
2019-10-22,0,0.0,0.0,0.0,510275.82243504014
2019-10-23,0,0.0,0.0,0.0,510275.82243504014
2019-10-24,0,0.0,0.0,0.0,510275.82243504014
2019-10-31,0,0.0,0.0,0.0,510275.82243504014
2019-11-03,0,0.0,0.0,0.0,510275.82243504014
2019-11-04,1,-0.004347826086956497,0.006583855787181426,-0.010931681874137924,504697.6494761162
2019-11-05,0,0.0,0.0,0.0,504697.6494761162
2019-11-06,0,0.0,0.0,0.0,504697.6494761162
2019-11-07,0,0.0,0.0,0.0,504697.6494761162
2019-11-10,0,0.0,0.0,0.0,504697.6494761162
2019-11-11,0,0.0,0.0,0.0,504697.6494761162
2019-11-12,0,0.0,0.0,0.0,504697.6494761162
2019-11-13,0,0.0,0.0,0.0,504697.6494761162
2019-11-14,0,0.0,0.0,0.0,504697.6494761162
2019-11-17,0,0.0,0.0,0.0,504697.6494761162
2019-11-18,0,0.0,0.0,0.0,504697.6494761162
2019-11-19,0,0.0,0.0,0.0,504697.6494761162
2019-11-20,0,0.0,0.0,0.0,504697.6494761162
2019-11-21,0,0.0,0.0,0.0,504697.6494761162
2019-11-24,0,0.0,0.0,0.0,504697.6494761162
2019-11-25,0,0.0,0.0,0.0,504697.6494761162
2019-11-26,0,0.0,0.0,0.0,504697.6494761162
2019-11-27,0,0.0,0.0,0.0,504697.6494761162
2019-11-28,0,0.0,0.0,0.0,504697.6494761162
2019-12-01,0,0.0,0.0,0.0,504697.6494761162
2019-12-02,0,0.0,0.0,0.0,504697.6494761162
2019-12-03,0,0.0,0.0,0.0,504697.6494761162
2019-12-04,1,-0.016393442622950838,0.006742511838057926,-0.023135954461008763,493020.9876412586
2019-12-05,1,-0.0012820512820512775,0.006996992483982784,-0.008279043766034062,488939.24530700326
2019-12-08,0,0.0,0.0,0.0,488939.24530700326
2019-12-09,1,-0.01831129196337744,0.006939088236812661,-0.025250380200190103,476593.3434682074
2019-12-10,0,0.0,0.0,0.0,476593.3434682074
2019-12-11,1,0.05968331303288665,0.006998882010212575,0.052684431022674075,501702.3925980238
2019-12-12,1,-0.014207650273224015,0.00675064428336037,-0.020958294556584385,491187.56607421127
2019-12-15,1,-0.0017361111111111605,0.006995804524362881,-0.008731915635474041,486898.5576860574
2019-12-16,0,0.0,0.0,0.0,486898.5576860574
2019-12-17,0,0.0,0.0,0.0,486898.5576860574
2019-12-18,0,0.0,0.0,0.0,486898.5576860574
2019-12-19,0,0.0,0.0,0.0,486898.5576860574
2019-12-22,0,0.0,0.0,0.0,486898.5576860574
2019-12-23,1,-0.019821605550049526,0.0069343062559075064,-0.02675591180595703,473871.1428181616
2019-12-24,0,0.0,0.0,0.0,473871.1428181616
2019-12-25,1,0.005476451259583737,0.007024407672933901,-0.0015479564133501645,473137.61094353464
2019-12-26,0,0.0,0.0,0.0,473137.61094353464
2019-12-29,1,0.04589114194236932,0.007164001939953775,0.03872714000241554,491460.87744295335
2019-12-30,1,-0.006122448979591799,0.006980615048947298,-0.013103064028539098,485021.2340982963
2019-12-31,1,0.025990099009900902,0.0070927541117151655,0.018897344898185738,494186.8476419955
2020-01-01,0,0.0,0.0,0.0,494186.8476419955
2020-01-02,0,0.0,0.0,0.0,494186.8476419955
2020-01-05,1,0.0,0.007001176306570225,-0.007001176306570225,490726.9583932657
2020-01-06,1,0.0011574074074074403,0.0070058827095572625,-0.005848475302149822,487856.9538970036
2020-01-07,0,0.0,0.0,0.0,487856.9538970036
2020-01-08,0,0.0,0.0,0.0,487856.9538970036
2020-01-09,0,0.0,0.0,0.0,487856.9538970036
2020-01-12,3,-0.009063258434869104,0.007176198934590998,-0.0162394573694601,479934.42169179855
2020-01-13,0,0.0,0.0,0.0,479934.42169179855
2020-01-14,0,0.0,0.0,0.0,479934.42169179855
2020-01-15,2,0.022809416559416484,0.007187054287159861,0.015622362272256624,487432.13109439384
2020-01-16,1,0.017310252996005415,0.007062298756185176,0.01024795423982024,492427.3132688672
2020-01-19,3,-0.01140135175341602,0.007165278821442559,-0.018566630574858578,483284.597258434
2020-01-20,0,0.0,0.0,0.0,483284.597258434
2020-01-21,0,0.0,0.0,0.0,483284.597258434
2020-01-22,0,0.0,0.0,0.0,483284.597258434
2020-01-23,0,0.0,0.0,0.0,483284.597258434
2020-01-26,0,0.0,0.0,0.0,483284.597258434
2020-01-27,1,0.017905102954342,0.0070652313131331825,0.010839871641208818,488523.3402588887
2020-01-28,0,0.0,0.0,0.0,488523.3402588887
2020-01-29,0,0.0,0.0,0.0,488523.3402588887
2020-01-30,0,0.0,0.0,0.0,488523.3402588887
2020-02-02,0,0.0,0.0,0.0,488523.3402588887
2020-02-03,1,-0.035010940919037226,0.0068815615089815995,-0.04189250242801883,468057.8750409494
2020-02-04,0,0.0,0.0,0.0,468057.8750409494
2020-02-05,0,0.0,0.0,0.0,468057.8750409494
2020-02-06,1,-0.009777777777777774,0.006973091063106158,-0.016750868840883934,460217.49896619556
2020-02-09,0,0.0,0.0,0.0,460217.49896619556
2020-02-10,1,0.04699999999999993,0.007170794282567085,0.03982920571743285,478547.5964072826
2020-02-11,2,0.034285362171488476,0.0072272501295580155,0.02705811204193046,491496.1908882673
2020-02-12,1,0.06402439024390238,0.007009809456495437,0.05701458078740695,519518.6401703692
2020-02-13,2,0.03059923676678622,0.00719805324178381,0.02340118352500241,531675.9912136557
2020-02-16,2,0.01636779925579057,0.007144553383039003,0.009223245872751569,536579.7696052581
2020-02-17,1,-0.0062611806797853164,0.006572833952810498,-0.012834014632595814,529693.2969905894
2020-02-18,0,0.0,0.0,0.0,529693.2969905894
2020-02-19,1,0.061864406779660985,0.006795453569203101,0.055068953210457884,558862.9523784573
2020-02-20,0,0.0,0.0,0.0,558862.9523784573
2020-02-23,0,0.0,0.0,0.0,558862.9523784573
2020-02-24,0,0.0,0.0,0.0,558862.9523784573
2020-02-25,2,-0.0024129369071114737,0.007070610112896305,-0.009483547020007779,553562.9492918359
2020-02-26,0,0.0,0.0,0.0,553562.9492918359
2020-02-27,2,-0.01694431223227033,0.007022190051147066,-0.023966502283417398,540295.9816036179
2020-03-01,0,0.0,0.0,0.0,540295.9816036179
2020-03-02,0,0.0,0.0,0.0,540295.9816036179
2020-03-03,2,-0.06182922052487266,0.006871772927371355,-0.06870099345224402,503177.110909194
2020-03-04,2,0.031177410818063134,0.0072062992471978275,0.023971111570865306,515238.825574704
2020-03-05,2,-0.07416260028120092,0.006838223781646197,-0.08100082406284712,473504.0561139794
2020-03-10,0,0.0,0.0,0.0,473504.0561139794
2020-03-11,2,-0.044965467619088206,0.006956060569414204,-0.05192152818850241,448919.0019170872
2020-03-12,0,0.0,0.0,0.0,448919.0019170872
2020-03-15,0,0.0,0.0,0.0,448919.0019170872
2020-03-16,3,-0.0220964888956177,0.007157903114146423,-0.029254392009764124,435786.1494543727
2020-03-17,0,0.0,0.0,0.0,435786.1494543727
2020-03-18,0,0.0,0.0,0.0,435786.1494543727
2020-03-19,5,-0.016680033804884763,0.00741612975699376,-0.024096163561878523,425285.3751191189
2020-03-22,0,0.0,0.0,0.0,425285.3751191189
2020-05-12,0,0.0,0.0,0.0,425285.3751191189
2020-05-13,0,0.0,0.0,0.0,425285.3751191189
2020-06-29,0,0.0,0.0,0.0,425285.3751191189
2020-06-30,2,0.09952169101688035,0.007478486064526371,0.09204320495235398,464430.0040644467
2020-07-01,0,0.0,0.0,0.0,464430.0040644467
2020-07-02,0,0.0,0.0,0.0,464430.0040644467
2020-07-05,0,0.0,0.0,0.0,464430.0040644467
2020-07-06,0,0.0,0.0,0.0,464430.0040644467
2020-07-07,0,0.0,0.0,0.0,464430.0040644467
2020-07-08,0,0.0,0.0,0.0,464430.0040644467
2020-07-09,0,0.0,0.0,0.0,464430.0040644467
2020-07-12,0,0.0,0.0,0.0,464430.0040644467
2020-07-13,0,0.0,0.0,0.0,464430.0040644467
2020-07-14,0,0.0,0.0,0.0,464430.0040644467
2020-07-15,0,0.0,0.0,0.0,464430.0040644467
2020-07-16,0,0.0,0.0,0.0,464430.0040644467
2020-07-19,4,-0.0200272674210924,0.0072615413261649785,-0.02728880874725738,451756.26250704407
2020-07-20,0,0.0,0.0,0.0,451756.26250704407
2020-07-21,0,0.0,0.0,0.0,451756.26250704407
2020-07-22,0,0.0,0.0,0.0,451756.26250704407
2020-07-23,0,0.0,0.0,0.0,451756.26250704407
2020-07-26,0,0.0,0.0,0.0,451756.26250704407
2020-07-27,0,0.0,0.0,0.0,451756.26250704407
2020-07-28,0,0.0,0.0,0.0,451756.26250704407
2020-07-29,0,0.0,0.0,0.0,451756.26250704407
2020-07-30,0,0.0,0.0,0.0,451756.26250704407
2020-08-02,1,0.007407407407407307,0.007036234707456012,0.0003711726999512952,451923.9420987187
2020-08-03,0,0.0,0.0,0.0,451923.9420987187
2020-08-05,0,0.0,0.0,0.0,451923.9420987187
2020-08-06,1,0.024671052631578982,0.007095753217642283,0.0175752994139367,459866.64069343026
2020-08-09,0,0.0,0.0,0.0,459866.64069343026
2020-08-10,0,0.0,0.0,0.0,459866.64069343026
2020-08-11,0,0.0,0.0,0.0,459866.64069343026
2020-08-12,0,0.0,0.0,0.0,459866.64069343026
2020-08-13,0,0.0,0.0,0.0,459866.64069343026
2020-08-16,0,0.0,0.0,0.0,459866.64069343026
2020-08-17,0,0.0,0.0,0.0,459866.64069343026
2020-08-18,0,0.0,0.0,0.0,459866.64069343026
2020-08-19,0,0.0,0.0,0.0,459866.64069343026
2020-08-20,0,0.0,0.0,0.0,459866.64069343026
2020-08-23,0,0.0,0.0,0.0,459866.64069343026
2020-08-24,0,0.0,0.0,0.0,459866.64069343026
2020-08-25,0,0.0,0.0,0.0,459866.64069343026
2020-08-26,0,0.0,0.0,0.0,459866.64069343026
2020-08-27,0,0.0,0.0,0.0,459866.64069343026
2020-08-30,0,0.0,0.0,0.0,459866.64069343026
2020-08-31,0,0.0,0.0,0.0,459866.64069343026
2020-09-02,2,-0.0063958165728078,0.007095388779695355,-0.013491205352503154,453662.4854090694
2020-09-03,1,0.01348314606741563,0.007056730948348865,0.006426415119066765,456577.90886425565
2020-09-06,1,-0.024390243902439046,0.006925363994076857,-0.031315607896515905,442279.89409605146
2020-09-07,0,0.0,0.0,0.0,442279.89409605146
2020-09-08,0,0.0,0.0,0.0,442279.89409605146
2020-09-09,0,0.0,0.0,0.0,442279.89409605146
2020-09-10,1,0.0136887608069165,0.007060276808062561,0.006628483998853939,445211.53929708194
2020-09-13,1,0.10000000000000009,0.007357306163669842,0.09264269383633025,486457.1356245828
2020-09-14,0,0.0,0.0,0.0,486457.1356245828
2020-09-15,0,0.0,0.0,0.0,486457.1356245828
2020-09-16,0,0.0,0.0,0.0,486457.1356245828
2020-09-17,2,0.012223515715948818,0.0071477390871688895,0.005075776628779929,488926.2833844893
2020-09-20,0,0.0,0.0,0.0,488926.2833844893
2020-09-21,0,0.0,0.0,0.0,488926.2833844893
2020-09-22,0,0.0,0.0,0.0,488926.2833844893
2020-09-23,0,0.0,0.0,0.0,488926.2833844893
2020-09-24,0,0.0,0.0,0.0,488926.2833844893
2020-09-27,0,0.0,0.0,0.0,488926.2833844893
2020-09-28,0,0.0,0.0,0.0,488926.2833844893
2020-09-29,0,0.0,0.0,0.0,488926.2833844893
2020-09-30,0,0.0,0.0,0.0,488926.2833844893
2020-10-01,0,0.0,0.0,0.0,488926.2833844893
2020-10-04,0,0.0,0.0,0.0,488926.2833844893
2020-10-05,0,0.0,0.0,0.0,488926.2833844893
2020-10-06,1,0.009652509652509744,0.007035566063460042,0.0026169435890497023,490205.7758873103
2020-10-07,0,0.0,0.0,0.0,490205.7758873103
2020-10-08,0,0.0,0.0,0.0,490205.7758873103
2020-10-11,0,0.0,0.0,0.0,490205.7758873103
2020-10-12,0,0.0,0.0,0.0,490205.7758873103
2020-10-13,0,0.0,0.0,0.0,490205.7758873103
2020-10-14,0,0.0,0.0,0.0,490205.7758873103
2020-10-15,0,0.0,0.0,0.0,490205.7758873103
2020-10-18,0,0.0,0.0,0.0,490205.7758873103
2020-10-19,0,0.0,0.0,0.0,490205.7758873103
2020-10-20,0,0.0,0.0,0.0,490205.7758873103
2020-10-21,0,0.0,0.0,0.0,490205.7758873103
2020-10-22,0,0.0,0.0,0.0,490205.7758873103
2020-10-28,2,-0.00019347930848501171,0.0071033284607722996,-0.007296807769257311,486628.8385732809
2020-10-29,1,-0.002636203866432374,0.006993652809160939,-0.009629856675593313,481942.67260360974
2020-11-01,2,0.0032021953215905508,0.007118541132086585,-0.003916345810496034,480055.2184368593
2020-11-02,1,0.005633802816901401,0.007023591304595621,-0.0013897884876942204,479388.0432208182
2020-11-03,1,-0.006446991404011504,0.006982057518971463,-0.013429048922982967,472950.3177353128
2020-11-04,0,0.0,0.0,0.0,472950.3177353128
2020-11-05,0,0.0,0.0,0.0,472950.3177353128
2020-11-08,2,0.01061690070534238,0.007148067006700708,0.0034688336986416725,474590.90373525635
2020-11-09,1,0.0020790020790020236,0.007012526451666692,-0.004933524372664668,472249.4979446335
2020-11-10,2,0.010773303098747466,0.007148920370675256,0.003624382728072211,473961.11086832476
2020-11-11,3,-0.0018844532610103881,0.007209980298057571,-0.00909443355906796,469650.7030359508
2020-11-12,0,0.0,0.0,0.0,469650.7030359508
2020-11-18,3,0.012886448566676164,0.007263844546841627,0.0056226040198345375,472291.36296675884
2020-11-19,0,0.0,0.0,0.0,472291.36296675884
2020-11-22,1,0.013471502590673534,0.007052343536310306,0.006419159054363228,475323.0763456444
2020-11-23,1,-0.0032467532467532756,0.006993990311990965,-0.01024074355874424,470455.4146132353
2020-11-24,0,0.0,0.0,0.0,470455.4146132353
2020-11-25,2,0.003954893442498442,0.0071262043761482095,-0.003171310933649768,468963.4542130776
2020-11-26,1,0.09748427672955984,0.007123442015454124,0.09036083471410572,511339.38338618167
2020-11-29,3,0.016849170214728055,0.007251476883460481,0.009597693331267573,516247.0619761217
2020-11-30,1,0.029649595687331498,0.0066932140374240025,0.022956381649907494,528098.2265564889
2020-12-01,0,0.0,0.0,0.0,528098.2265564889
2020-12-02,3,0.00850972894575371,0.007213396632890626,0.0012963323128630851,528782.8173519399
2020-12-03,0,0.0,0.0,0.0,528782.8173519399
2020-12-06,0,0.0,0.0,0.0,528782.8173519399
2020-12-07,0,0.0,0.0,0.0,528782.8173519399
2020-12-08,0,0.0,0.0,0.0,528782.8173519399
2020-12-09,0,0.0,0.0,0.0,528782.8173519399
2020-12-10,0,0.0,0.0,0.0,528782.8173519399
2020-12-13,0,0.0,0.0,0.0,528782.8173519399
2020-12-14,2,-0.011652715878037678,0.007048911688223248,-0.018701627566260925,518893.7180383857
2020-12-15,0,0.0,0.0,0.0,518893.7180383857
2020-12-16,0,0.0,0.0,0.0,518893.7180383857
2020-12-17,0,0.0,0.0,0.0,518893.7180383857
2020-12-20,0,0.0,0.0,0.0,518893.7180383857
2020-12-21,1,0.03400000000000003,0.006706858846256646,0.027293141153743386,533055.957528598
2020-12-22,2,0.0694184315797608,0.007327091154623447,0.06209134042513735,566154.1164531538
2020-12-23,1,-0.04298186702484885,0.006448624107396157,-0.04943049113224501,538168.8404203322
2020-12-24,0,0.0,0.0,0.0,538168.8404203322
2020-12-27,0,0.0,0.0,0.0,538168.8404203322
2020-12-28,0,0.0,0.0,0.0,538168.8404203322
2020-12-29,0,0.0,0.0,0.0,538168.8404203322
2020-12-30,0,0.0,0.0,0.0,538168.8404203322
2020-12-31,0,0.0,0.0,0.0,538168.8404203322
2021-01-03,0,0.0,0.0,0.0,538168.8404203322
2021-01-04,0,0.0,0.0,0.0,538168.8404203322
2021-01-05,0,0.0,0.0,0.0,538168.8404203322
2021-01-06,0,0.0,0.0,0.0,538168.8404203322
2021-01-07,0,0.0,0.0,0.0,538168.8404203322
2021-01-10,0,0.0,0.0,0.0,538168.8404203322
2021-01-11,0,0.0,0.0,0.0,538168.8404203322
2021-01-12,0,0.0,0.0,0.0,538168.8404203322
2021-01-13,0,0.0,0.0,0.0,538168.8404203322
2021-01-17,0,0.0,0.0,0.0,538168.8404203322
2021-01-18,1,-0.015317286652078765,0.00654312646416891,-0.021860413116247673,526404.2472424518
2021-01-19,1,0.0728895500185942,0.0068318750736162245,0.06605767494497798,561177.2878964494
2021-01-20,1,0.05934718100890213,0.006781976741009062,0.052565204267893066,590675.6866652286
2021-01-21,0,0.0,0.0,0.0,590675.6866652286
2021-01-24,0,0.0,0.0,0.0,590675.6866652286
2021-01-25,0,0.0,0.0,0.0,590675.6866652286
2021-01-26,0,0.0,0.0,0.0,590675.6866652286
2021-01-27,0,0.0,0.0,0.0,590675.6866652286
2021-01-28,0,0.0,0.0,0.0,590675.6866652286
2021-01-31,1,0.0025974025974024872,0.006593090378646575,-0.003995687781244088,588315.5310413424
2021-02-01,0,0.0,0.0,0.0,588315.5310413424
2021-02-02,1,0.04986876640419946,0.006747061898159444,0.04312170450604002,613684.6995272211
2021-02-03,0,0.0,0.0,0.0,613684.6995272211
2021-02-04,0,0.0,0.0,0.0,613684.6995272211
2021-02-07,2,-0.018831065579356265,0.006997982951197839,-0.025829048530554104,597833.8076406741
2021-02-08,0,0.0,0.0,0.0,597833.8076406741
2021-02-09,0,0.0,0.0,0.0,597833.8076406741
2021-02-10,0,0.0,0.0,0.0,597833.8076406741
2021-02-11,0,0.0,0.0,0.0,597833.8076406741
2021-02-14,0,0.0,0.0,0.0,597833.8076406741
2021-02-15,1,-0.0064102564102563875,0.006562801950186886,-0.012973058360443273,590078.0747643056
2021-02-16,0,0.0,0.0,0.0,590078.0747643056
2021-02-17,0,0.0,0.0,0.0,590078.0747643056
2021-02-18,0,0.0,0.0,0.0,590078.0747643056
2021-02-21,0,0.0,0.0,0.0,590078.0747643056
2021-02-22,0,0.0,0.0,0.0,590078.0747643056
2021-02-23,0,0.0,0.0,0.0,590078.0747643056
2021-02-24,0,0.0,0.0,0.0,590078.0747643056
2021-02-25,0,0.0,0.0,0.0,590078.0747643056
2021-02-28,2,0.016537164038611052,0.007126522315492522,0.009410641723118531,595631.08811458
2021-03-01,0,0.0,0.0,0.0,595631.08811458
2021-03-02,0,0.0,0.0,0.0,595631.08811458
2021-03-03,3,0.040877166874497085,0.007292859958027415,0.03358430691646967,615634.9453868108
2021-03-04,0,0.0,0.0,0.0,615634.9453868108
2021-03-07,0,0.0,0.0,0.0,615634.9453868108
2021-03-09,0,0.0,0.0,0.0,615634.9453868108
2021-03-10,0,0.0,0.0,0.0,615634.9453868108
2021-03-14,1,-0.008230452674897082,0.006554467990862863,-0.014784920665759944,606532.8315601973
2021-03-15,0,0.0,0.0,0.0,606532.8315601973
2021-03-16,0,0.0,0.0,0.0,606532.8315601973
2021-03-17,1,0.015524625267665959,0.00663289080047129,0.00889173446719467,611925.9604440662
2021-03-18,0,0.0,0.0,0.0,611925.9604440662
2021-03-21,1,-0.007560483870967749,0.006557137658980173,-0.014117621529947923,603287.0213301671
2021-03-22,0,0.0,0.0,0.0,603287.0213301671
2021-03-23,0,0.0,0.0,0.0,603287.0213301671
2021-03-24,0,0.0,0.0,0.0,603287.0213301671
2021-03-25,0,0.0,0.0,0.0,603287.0213301671
2021-03-29,0,0.0,0.0,0.0,603287.0213301671
2021-03-30,0,0.0,0.0,0.0,603287.0213301671
2021-03-31,0,0.0,0.0,0.0,603287.0213301671
2021-04-01,0,0.0,0.0,0.0,603287.0213301671
2021-04-04,1,-0.012376237623762387,0.006542656517732619,-0.018918894141495005,591873.4980366838
2021-04-05,0,0.0,0.0,0.0,591873.4980366838
2021-04-06,1,-0.0014662756598240456,0.006579712115205252,-0.008045987775029299,587111.2911071167
2021-04-07,2,0.0008608920675672871,0.007073295536391412,-0.0062124034688241245,583463.9188856571
2021-04-08,0,0.0,0.0,0.0,583463.9188856571
2021-04-12,3,0.004362480553866936,0.0071721358636937255,-0.0028096553098267895,581824.5863878677
2021-04-13,1,-0.007246376811594235,0.006562385829385266,-0.0138087626409795,573790.3087757515
2021-04-15,1,-0.021739130434782594,0.006516487673580514,-0.028255618108363106,557577.5089367041
2021-04-18,0,0.0,0.0,0.0,557577.5089367041
2021-04-19,0,0.0,0.0,0.0,557577.5089367041
2021-04-20,0,0.0,0.0,0.0,557577.5089367041
2021-04-21,0,0.0,0.0,0.0,557577.5089367041
2021-04-22,0,0.0,0.0,0.0,557577.5089367041
2021-04-25,0,0.0,0.0,0.0,557577.5089367041
2021-04-26,4,0.03280560628844853,0.007371873867199589,0.02543373242124894,571758.7861031068
2021-04-27,0,0.0,0.0,0.0,571758.7861031068
2021-04-28,0,0.0,0.0,0.0,571758.7861031068
2021-04-29,0,0.0,0.0,0.0,571758.7861031068
2021-05-02,0,0.0,0.0,0.0,571758.7861031068
2021-05-03,0,0.0,0.0,0.0,571758.7861031068
2021-05-04,0,0.0,0.0,0.0,571758.7861031068
2021-05-05,0,0.0,0.0,0.0,571758.7861031068
2021-05-06,0,0.0,0.0,0.0,571758.7861031068
2021-05-09,0,0.0,0.0,0.0,571758.7861031068
2021-05-10,0,0.0,0.0,0.0,571758.7861031068
2021-05-11,0,0.0,0.0,0.0,571758.7861031068
2021-05-12,0,0.0,0.0,0.0,571758.7861031068
2021-05-13,0,0.0,0.0,0.0,571758.7861031068
2021-05-16,1,0.043233082706766846,0.006727956983877854,0.03650512572288899,592630.9124729671
2021-05-17,0,0.0,0.0,0.0,592630.9124729671
2021-05-18,1,0.047222222222222276,0.006737841766482674,0.0404843804557396,616623.2078033547
2021-05-19,0,0.0,0.0,0.0,616623.2078033547
2021-05-20,0,0.0,0.0,0.0,616623.2078033547
2021-05-23,0,0.0,0.0,0.0,616623.2078033547
2021-05-24,1,-0.013215859030836996,0.006538135253728102,-0.019753994284565098,604442.436480677
2021-05-25,0,0.0,0.0,0.0,604442.436480677
2021-05-27,1,-0.007989347536617841,0.0065567554835399,-0.014546103020157741,595650.154529874
2021-05-30,1,-0.032441200324412,0.006478507989365321,-0.03891970831377732,572467.6242585148
2021-05-31,0,0.0,0.0,0.0,572467.6242585148
2021-06-01,0,0.0,0.0,0.0,572467.6242585148
2021-06-02,0,0.0,0.0,0.0,572467.6242585148
2021-06-03,0,0.0,0.0,0.0,572467.6242585148
2021-06-06,0,0.0,0.0,0.0,572467.6242585148
2021-06-07,0,0.0,0.0,0.0,572467.6242585148
2021-06-08,0,0.0,0.0,0.0,572467.6242585148
2021-06-09,1,0.09812108559498967,0.006906234712001339,0.09121485088298832,624685.1732405939
2021-06-10,0,0.0,0.0,0.0,624685.1732405939
2021-06-13,0,0.0,0.0,0.0,624685.1732405939
2021-06-14,0,0.0,0.0,0.0,624685.1732405939
2021-06-15,0,0.0,0.0,0.0,624685.1732405939
2021-06-16,0,0.0,0.0,0.0,624685.1732405939
2021-06-17,0,0.0,0.0,0.0,624685.1732405939
2021-06-20,0,0.0,0.0,0.0,624685.1732405939
2021-06-21,2,0.027477480126928855,0.00715487794270664,0.020322602184222216,637380.4015067444
2021-06-22,0,0.0,0.0,0.0,637380.4015067444
2021-06-23,0,0.0,0.0,0.0,637380.4015067444
2021-06-24,0,0.0,0.0,0.0,637380.4015067444
2021-06-27,0,0.0,0.0,0.0,637380.4015067444
2021-06-28,0,0.0,0.0,0.0,637380.4015067444
2021-06-29,0,0.0,0.0,0.0,637380.4015067444
2021-06-30,0,0.0,0.0,0.0,637380.4015067444
2021-07-01,0,0.0,0.0,0.0,637380.4015067444
2021-07-04,0,0.0,0.0,0.0,637380.4015067444
2021-07-05,0,0.0,0.0,0.0,637380.4015067444
2021-07-06,0,0.0,0.0,0.0,637380.4015067444
2021-07-07,0,0.0,0.0,0.0,637380.4015067444
2021-07-08,0,0.0,0.0,0.0,637380.4015067444
2021-07-11,1,-0.005204460966542701,0.006561531591323992,-0.011765992557866693,629880.988446086
2021-07-12,0,0.0,0.0,0.0,629880.988446086
2021-07-13,0,0.0,0.0,0.0,629880.988446086
2021-07-14,0,0.0,0.0,0.0,629880.988446086
2021-07-15,0,0.0,0.0,0.0,629880.988446086
2021-07-18,1,0.007638888888888973,0.0066042064637238974,0.0010346824251650753,630532.7152347767
2021-07-19,0,0.0,0.0,0.0,630532.7152347767
2021-07-20,0,0.0,0.0,0.0,630532.7152347767
2021-07-22,1,0.050420168067226934,0.0067431635727790646,0.04367700449444787,658072.4954719825
2021-07-25,0,0.0,0.0,0.0,658072.4954719825
2021-07-26,0,0.0,0.0,0.0,658072.4954719825
2021-07-27,1,-0.016689847009735748,0.006521737468088264,-0.02321158447782401,642797.5901508022
2021-07-28,1,0.002450980392156854,0.006585750669862066,-0.0041347702777052115,640139.7697804661
2021-07-29,0,0.0,0.0,0.0,640139.7697804661
2021-08-01,0,0.0,0.0,0.0,640139.7697804661
2021-08-02,1,0.04478947368421049,0.006723673731458209,0.03806579995275228,664507.2021987302
2021-08-03,1,-0.017681728880157177,0.006517778110379081,-0.02419950699053626,648426.4555138603
2021-08-04,0,0.0,0.0,0.0,648426.4555138603
2021-08-05,0,0.0,0.0,0.0,648426.4555138603
2021-08-08,2,-0.005405405405405406,0.007035570845558682,-0.012440976250964087,640359.3973803156
2021-08-09,0,0.0,0.0,0.0,640359.3973803156
2021-08-10,1,0.001322751322751392,0.006582380094671139,-0.005259628771919747,636991.3446694849
2021-08-11,1,-0.0015873015873015817,0.006573335272025779,-0.008160636859327362,631793.0896231026
2021-08-12,0,0.0,0.0,0.0,631793.0896231026
2021-08-15,0,0.0,0.0,0.0,631793.0896231026
2021-08-16,0,0.0,0.0,0.0,631793.0896231026
2021-08-17,0,0.0,0.0,0.0,631793.0896231026
2021-08-18,0,0.0,0.0,0.0,631793.0896231026
2021-08-19,1,-0.05374368396876439,0.006404472860729369,-0.06014815682949376,593791.8997846618
2021-08-24,0,0.0,0.0,0.0,593791.8997846618
2021-08-25,0,0.0,0.0,0.0,593791.8997846618
2021-08-26,1,0.07564191533657172,0.006830040809005636,0.06881187452756608,634651.8334881291
2021-08-29,0,0.0,0.0,0.0,634651.8334881291
2021-08-31,1,0.002673796791443861,0.00658747319347065,-0.003913676402026789,632168.0115839036
2021-09-01,0,0.0,0.0,0.0,632168.0115839036
2021-09-02,0,0.0,0.0,0.0,632168.0115839036
2021-09-05,1,0.05437482749102962,0.006755811087252409,0.04761901640377721,662271.2304974608
2021-09-06,0,0.0,0.0,0.0,662271.2304974608
2021-09-07,0,0.0,0.0,0.0,662271.2304974608
2021-09-08,0,0.0,0.0,0.0,662271.2304974608
2021-09-09,0,0.0,0.0,0.0,662271.2304974608
2021-09-12,0,0.0,0.0,0.0,662271.2304974608
2021-09-13,0,0.0,0.0,0.0,662271.2304974608
2021-09-14,0,0.0,0.0,0.0,662271.2304974608
2021-09-15,0,0.0,0.0,0.0,662271.2304974608
2021-09-16,0,0.0,0.0,0.0,662271.2304974608
2021-09-20,2,0.019134942631072516,0.007117011088943396,0.012017931542129118,670230.3608079009
2021-09-21,1,0.03356562137049934,0.006683689485578873,0.02688193188492047,688247.4477143446
2021-09-22,0,0.0,0.0,0.0,688247.4477143446
2021-09-23,0,0.0,0.0,0.0,688247.4477143446
2021-09-26,0,0.0,0.0,0.0,688247.4477143446
2021-09-27,0,0.0,0.0,0.0,688247.4477143446
2021-09-28,2,0.029489815588254253,0.007147036443275846,0.022342779144978408,703624.8084357213
2021-09-29,1,-0.04693877551020409,0.006418509578082045,-0.05335728508828613,666081.2989368258
2021-09-30,0,0.0,0.0,0.0,666081.2989368258
2021-10-03,0,0.0,0.0,0.0,666081.2989368258
2021-10-04,0,0.0,0.0,0.0,666081.2989368258
2021-10-05,1,0.01210875028558367,0.006614419350171665,0.005494330935412004,669740.9700230738
2021-10-06,0,0.0,0.0,0.0,669740.9700230738
2021-10-10,0,0.0,0.0,0.0,669740.9700230738
2021-10-11,0,0.0,0.0,0.0,669740.9700230738
2021-10-17,0,0.0,0.0,0.0,669740.9700230738
2021-10-18,0,0.0,0.0,0.0,669740.9700230738
2021-10-19,0,0.0,0.0,0.0,669740.9700230738
2021-10-20,1,-0.012919896640826822,0.00653266606438242,-0.01945256270520924,656712.7918074523
2021-10-21,0,0.0,0.0,0.0,656712.7918074523
2021-10-24,0,0.0,0.0,0.0,656712.7918074523
2021-10-25,1,0.07706173952230722,0.006826587437478135,0.07023515208482908,702837.1146161014
2021-10-26,1,0.02358189929891652,0.006647781411277763,0.016934117887638756,714739.0411708183
2021-10-27,0,0.0,0.0,0.0,714739.0411708183
2021-10-28,0,0.0,0.0,0.0,714739.0411708183
2021-10-31,0,0.0,0.0,0.0,714739.0411708183
2021-11-01,1,-0.006524317912218192,0.006548751568927989,-0.013073069481146182,705395.2080247044
2021-11-02,1,0.005159958720330149,0.006587652116572564,-0.0014276933962424155,704388.1199444665
2021-11-03,1,-0.006451612903225823,0.006550015851603745,-0.013001628754829568,695229.9271096361
2021-11-08,0,0.0,0.0,0.0,695229.9271096361
2021-11-09,0,0.0,0.0,0.0,695229.9271096361
2021-11-11,1,0.007047175305765707,0.006594821972912009,0.00045235333285369855,695544.4166842639
2021-11-14,0,0.0,0.0,0.0,695544.4166842639
2021-11-15,0,0.0,0.0,0.0,695544.4166842639
2021-11-16,0,0.0,0.0,0.0,695544.4166842639
2021-11-17,0,0.0,0.0,0.0,695544.4166842639
2021-11-18,0,0.0,0.0,0.0,695544.4166842639
2021-11-21,0,0.0,0.0,0.0,695544.4166842639
2021-11-22,0,0.0,0.0,0.0,695544.4166842639
2021-11-23,0,0.0,0.0,0.0,695544.4166842639
2021-11-24,0,0.0,0.0,0.0,695544.4166842639
2021-11-25,0,0.0,0.0,0.0,695544.4166842639
2021-11-28,0,0.0,0.0,0.0,695544.4166842639
2021-11-29,0,0.0,0.0,0.0,695544.4166842639
2021-11-30,0,0.0,0.0,0.0,695544.4166842639
2021-12-01,0,0.0,0.0,0.0,695544.4166842639
2021-12-02,0,0.0,0.0,0.0,695544.4166842639
2021-12-05,1,0.03301886792452824,0.006679197455990128,0.02633967046853811,713864.827415959
2021-12-06,0,0.0,0.0,0.0,713864.827415959
2021-12-07,0,0.0,0.0,0.0,713864.827415959
2021-12-08,0,0.0,0.0,0.0,713864.827415959
2021-12-09,0,0.0,0.0,0.0,713864.827415959
2021-12-12,1,-0.024887800897592793,0.006489155918314787,-0.03137695681590758,691465.9215537332
2021-12-13,7,0.06945415767021672,0.007645787848331554,0.061808369821885166,734204.302952357
2021-12-14,0,0.0,0.0,0.0,734204.302952357
2021-12-15,0,0.0,0.0,0.0,734204.302952357
2021-12-16,0,0.0,0.0,0.0,734204.302952357
2021-12-20,0,0.0,0.0,0.0,734204.302952357
2021-12-21,1,0.025104602510460206,0.006649690893823554,0.018454911616636652,747753.978471897
2021-12-22,1,0.0065306122448980375,0.00658809140249651,-5.7479157598472504e-05,747710.9982031235
2021-12-23,0,0.0,0.0,0.0,747710.9982031235
2021-12-26,1,-0.015873015873015928,0.006515283454788034,-0.02238829932780396,730971.0205646609
2021-12-27,0,0.0,0.0,0.0,730971.0205646609
2021-12-28,0,0.0,0.0,0.0,730971.0205646609
2021-12-29,0,0.0,0.0,0.0,730971.0205646609
2022-01-02,0,0.0,0.0,0.0,730971.0205646609
2022-01-03,0,0.0,0.0,0.0,730971.0205646609
2022-01-04,2,-0.005165223379969108,0.007018984308357174,-0.012184207688326282,722064.7178359532
2022-01-05,0,0.0,0.0,0.0,722064.7178359532
2022-01-06,1,0.006966434452184922,0.006591886782547312,0.00037454766963761037,722335.1654933462
2022-01-09,0,0.0,0.0,0.0,722335.1654933462
2022-01-10,0,0.0,0.0,0.0,722335.1654933462
2022-01-11,1,-0.01912568306010931,0.006507061474463484,-0.025632744534572795,703819.7327279169
2022-01-12,0,0.0,0.0,0.0,703819.7327279169
2022-01-13,0,0.0,0.0,0.0,703819.7327279169
2022-01-16,0,0.0,0.0,0.0,703819.7327279169
2022-01-17,0,0.0,0.0,0.0,703819.7327279169
2022-01-18,0,0.0,0.0,0.0,703819.7327279169
2022-01-19,0,0.0,0.0,0.0,703819.7327279169
2022-01-20,1,0.02384270781483333,0.006648529718512575,0.017194178096320754,715921.3345601456
2022-01-23,0,0.0,0.0,0.0,715921.3345601456
2022-01-24,1,0.0017182130584192379,0.0065754242678592095,-0.004857211209439972,712443.953428843
2022-01-25,0,0.0,0.0,0.0,712443.953428843
2022-01-26,0,0.0,0.0,0.0,712443.953428843
2022-01-27,0,0.0,0.0,0.0,712443.953428843
2022-01-30,0,0.0,0.0,0.0,712443.953428843
2022-01-31,0,0.0,0.0,0.0,712443.953428843
2022-02-01,0,0.0,0.0,0.0,712443.953428843
2022-02-03,0,0.0,0.0,0.0,712443.953428843
2022-02-06,1,-0.0239043824701195,0.006492491716132984,-0.030396874186252483,690787.8842117101
2022-02-07,1,-0.00952380952380949,0.006541428737973955,-0.016065238261783445,679690.2122634957
2022-02-08,0,0.0,0.0,0.0,679690.2122634957
2022-02-09,0,0.0,0.0,0.0,679690.2122634957
2022-02-10,0,0.0,0.0,0.0,679690.2122634957
2022-02-13,1,0.0,0.006573562924841142,-0.006573562924841142,675222.225883783
2022-02-14,2,0.03785072343680285,0.007178684386200812,0.030672039050602035,695932.6683639248
2022-02-15,0,0.0,0.0,0.0,695932.6683639248
2022-02-16,0,0.0,0.0,0.0,695932.6683639248
2022-02-17,0,0.0,0.0,0.0,695932.6683639248
2022-02-20,0,0.0,0.0,0.0,695932.6683639248
2022-02-21,0,0.0,0.0,0.0,695932.6683639248
2022-02-22,0,0.0,0.0,0.0,695932.6683639248
2022-02-23,0,0.0,0.0,0.0,695932.6683639248
2022-02-24,0,0.0,0.0,0.0,695932.6683639248
2022-02-27,0,0.0,0.0,0.0,695932.6683639248
2022-02-28,0,0.0,0.0,0.0,695932.6683639248
2022-03-02,2,-0.016127113168573404,0.006988053521381083,-0.02311516668995449,679846.0687297079
2022-03-06,0,0.0,0.0,0.0,679846.0687297079
2022-03-07,0,0.0,0.0,0.0,679846.0687297079
2022-03-09,0,0.0,0.0,0.0,679846.0687297079
2022-03-10,0,0.0,0.0,0.0,679846.0687297079
2022-03-13,0,0.0,0.0,0.0,679846.0687297079
2022-03-14,0,0.0,0.0,0.0,679846.0687297079
2022-03-15,0,0.0,0.0,0.0,679846.0687297079
2022-03-16,0,0.0,0.0,0.0,679846.0687297079
2022-03-20,0,0.0,0.0,0.0,679846.0687297079
2022-03-21,0,0.0,0.0,0.0,679846.0687297079
2022-03-22,0,0.0,0.0,0.0,679846.0687297079
2022-03-23,0,0.0,0.0,0.0,679846.0687297079
2022-03-24,0,0.0,0.0,0.0,679846.0687297079
2022-03-27,0,0.0,0.0,0.0,679846.0687297079
2022-03-28,0,0.0,0.0,0.0,679846.0687297079
2022-03-29,0,0.0,0.0,0.0,679846.0687297079
2022-03-30,0,0.0,0.0,0.0,679846.0687297079
2022-03-31,0,0.0,0.0,0.0,679846.0687297079
2022-04-03,0,0.0,0.0,0.0,679846.0687297079
2022-04-04,0,0.0,0.0,0.0,679846.0687297079
2022-04-05,0,0.0,0.0,0.0,679846.0687297079
2022-04-06,0,0.0,0.0,0.0,679846.0687297079
2022-04-07,0,0.0,0.0,0.0,679846.0687297079
2022-04-11,0,0.0,0.0,0.0,679846.0687297079
2022-04-12,0,0.0,0.0,0.0,679846.0687297079
2022-04-13,0,0.0,0.0,0.0,679846.0687297079
2022-04-17,0,0.0,0.0,0.0,679846.0687297079
2022-04-18,0,0.0,0.0,0.0,679846.0687297079
2022-04-19,0,0.0,0.0,0.0,679846.0687297079
2022-04-20,0,0.0,0.0,0.0,679846.0687297079
2022-04-21,0,0.0,0.0,0.0,679846.0687297079
2022-04-24,0,0.0,0.0,0.0,679846.0687297079
2022-04-25,0,0.0,0.0,0.0,679846.0687297079
2022-04-26,0,0.0,0.0,0.0,679846.0687297079
2022-04-27,0,0.0,0.0,0.0,679846.0687297079
2022-04-28,0,0.0,0.0,0.0,679846.0687297079
2022-05-02,0,0.0,0.0,0.0,679846.0687297079
2022-05-04,0,0.0,0.0,0.0,679846.0687297079
2022-05-05,0,0.0,0.0,0.0,679846.0687297079
2022-05-08,0,0.0,0.0,0.0,679846.0687297079
2022-05-09,0,0.0,0.0,0.0,679846.0687297079
2022-05-10,0,0.0,0.0,0.0,679846.0687297079
2022-05-11,0,0.0,0.0,0.0,679846.0687297079
2022-05-12,0,0.0,0.0,0.0,679846.0687297079
2022-05-17,0,0.0,0.0,0.0,679846.0687297079
2022-05-18,0,0.0,0.0,0.0,679846.0687297079
2022-05-19,0,0.0,0.0,0.0,679846.0687297079
2022-05-20,0,0.0,0.0,0.0,679846.0687297079
2022-05-23,0,0.0,0.0,0.0,679846.0687297079
2022-05-24,0,0.0,0.0,0.0,679846.0687297079
2022-05-25,0,0.0,0.0,0.0,679846.0687297079
2022-05-26,0,0.0,0.0,0.0,679846.0687297079
2022-05-27,0,0.0,0.0,0.0,679846.0687297079
2022-05-30,0,0.0,0.0,0.0,679846.0687297079
2022-05-31,1,-0.0035650623885917776,0.006561959607587805,-0.010127021996179583,672961.252637666
2022-06-01,0,0.0,0.0,0.0,672961.252637666
2022-06-02,0,0.0,0.0,0.0,672961.252637666
2022-06-03,1,0.02422145328719716,0.006653018205902902,0.017568435081294256,684784.1287168573
2022-06-06,2,-0.013496325272641108,0.006999469099693215,-0.02049579437233432,670748.9340252385
2022-06-07,1,0.037808641975308754,0.006697421626429491,0.031111220348879264,691616.7519104736
2022-06-08,0,0.0,0.0,0.0,691616.7519104736
2022-06-09,0,0.0,0.0,0.0,691616.7519104736
2022-06-10,0,0.0,0.0,0.0,691616.7519104736
2022-06-13,0,0.0,0.0,0.0,691616.7519104736
2022-06-14,1,-0.05250305250305254,0.0064016594531810436,-0.058904711956233584,650877.2663550812
2022-06-15,1,-0.017396907216494895,0.006520279449894717,-0.02391718666638961,635310.1132787573
2022-06-16,1,0.016393442622950838,0.006631980410652004,0.009761462212298833,641511.6689426191
2022-06-17,0,0.0,0.0,0.0,641511.6689426191
2022-06-19,1,-0.022969187675069946,0.006503291044985177,-0.029472478720055123,622604.7299310408
2022-06-20,1,0.037844036697247674,0.006703300893358194,0.03114073580388948,641993.0993360754
2022-06-21,0,0.0,0.0,0.0,641993.0993360754
2022-06-22,0,0.0,0.0,0.0,641993.0993360754
2022-06-23,3,0.0007012454893858081,0.007136066668156427,-0.006434821178770618,637861.988543843
2022-06-24,0,0.0,0.0,0.0,637861.988543843
2022-06-26,0,0.0,0.0,0.0,637861.988543843
2022-06-27,0,0.0,0.0,0.0,637861.988543843
2022-06-28,0,0.0,0.0,0.0,637861.988543843
2022-06-29,0,0.0,0.0,0.0,637861.988543843
2022-06-30,0,0.0,0.0,0.0,637861.988543843
2022-07-01,0,0.0,0.0,0.0,637861.988543843
2022-07-03,0,0.0,0.0,0.0,637861.988543843
2022-07-04,0,0.0,0.0,0.0,637861.988543843
2022-07-05,0,0.0,0.0,0.0,637861.988543843
2022-07-06,0,0.0,0.0,0.0,637861.988543843
2022-07-07,0,0.0,0.0,0.0,637861.988543843
2022-07-08,0,0.0,0.0,0.0,637861.988543843
2022-07-11,3,0.009387913613654911,0.007167548889514317,0.0022203647241405937,639278.2748020759
2022-07-12,0,0.0,0.0,0.0,639278.2748020759
2022-07-13,0,0.0,0.0,0.0,639278.2748020759
2022-07-14,0,0.0,0.0,0.0,639278.2748020759
2022-07-15,0,0.0,0.0,0.0,639278.2748020759
2022-07-17,0,0.0,0.0,0.0,639278.2748020759
2022-07-18,0,0.0,0.0,0.0,639278.2748020759
2022-07-19,0,0.0,0.0,0.0,639278.2748020759
2022-07-20,0,0.0,0.0,0.0,639278.2748020759
2022-07-21,1,-0.017660818713450266,0.006520815539865263,-0.02418163425331553,623819.4813747216
2022-07-22,0,0.0,0.0,0.0,623819.4813747216
2022-07-24,0,0.0,0.0,0.0,623819.4813747216
2022-07-25,0,0.0,0.0,0.0,623819.4813747216
2022-07-26,0,0.0,0.0,0.0,623819.4813747216
2022-07-27,0,0.0,0.0,0.0,623819.4813747216
2022-07-28,0,0.0,0.0,0.0,623819.4813747216
2022-07-29,0,0.0,0.0,0.0,623819.4813747216
2022-07-31,1,-0.015848136537791713,0.0065286449485905725,-0.022376781486382287,609860.4091530511
2022-08-01,0,0.0,0.0,0.0,609860.4091530511
2022-08-02,0,0.0,0.0,0.0,609860.4091530511
2022-08-03,0,0.0,0.0,0.0,609860.4091530511
2022-08-04,0,0.0,0.0,0.0,609860.4091530511
2022-08-05,5,0.0013722217342380326,0.0073146640378653266,-0.005942442303627294,606236.3488583926
2022-08-07,1,-0.014093959731543593,0.006536670714819207,-0.020630630446362798,593729.3107819428
2022-08-08,0,0.0,0.0,0.0,593729.3107819428
2022-08-09,3,-0.0008961580673299366,0.007149548636868904,-0.008045706704198841,588952.3388857052
2022-08-10,0,0.0,0.0,0.0,588952.3388857052
2022-08-11,0,0.0,0.0,0.0,588952.3388857052
2022-08-14,1,0.019496948950736837,0.0066482615972688714,0.012848687353467964,596519.6033541413
2022-08-15,0,0.0,0.0,0.0,596519.6033541413
2022-08-16,0,0.0,0.0,0.0,596519.6033541413
2022-08-17,0,0.0,0.0,0.0,596519.6033541413
2022-08-18,0,0.0,0.0,0.0,596519.6033541413
2022-08-21,0,0.0,0.0,0.0,596519.6033541413
2022-08-22,0,0.0,0.0,0.0,596519.6033541413
2022-08-23,0,0.0,0.0,0.0,596519.6033541413
2022-08-24,0,0.0,0.0,0.0,596519.6033541413
2022-08-25,0,0.0,0.0,0.0,596519.6033541413
2022-08-26,0,0.0,0.0,0.0,596519.6033541413
2022-08-28,1,-0.008000000000000007,0.00655781954208857,-0.014557819542088577,587835.5786151935
2022-08-29,0,0.0,0.0,0.0,587835.5786151935
2022-08-30,0,0.0,0.0,0.0,587835.5786151935
2022-08-31,0,0.0,0.0,0.0,587835.5786151935
2022-09-01,0,0.0,0.0,0.0,587835.5786151935
2022-09-02,0,0.0,0.0,0.0,587835.5786151935
2022-09-04,0,0.0,0.0,0.0,587835.5786151935
2022-09-05,0,0.0,0.0,0.0,587835.5786151935
2022-09-06,0,0.0,0.0,0.0,587835.5786151935
2022-09-07,0,0.0,0.0,0.0,587835.5786151935
2022-09-08,0,0.0,0.0,0.0,587835.5786151935
2022-09-11,0,0.0,0.0,0.0,587835.5786151935
2022-09-12,0,0.0,0.0,0.0,587835.5786151935
2022-09-13,0,0.0,0.0,0.0,587835.5786151935
2022-09-14,0,0.0,0.0,0.0,587835.5786151935
2022-09-15,0,0.0,0.0,0.0,587835.5786151935
2022-09-16,0,0.0,0.0,0.0,587835.5786151935
2022-09-18,0,0.0,0.0,0.0,587835.5786151935
2022-09-20,1,0.009931506849315097,0.006617335195425176,0.003314171653889921,589783.766626988
2022-09-21,0,0.0,0.0,0.0,589783.766626988
2022-09-22,0,0.0,0.0,0.0,589783.766626988
2022-09-25,1,0.007407407407407307,0.00660885090726152,0.0007985565001457874,590254.7422875084
2022-09-27,0,0.0,0.0,0.0,590254.7422875084
2022-09-28,0,0.0,0.0,0.0,590254.7422875084
2022-09-29,0,0.0,0.0,0.0,590254.7422875084
2022-10-09,0,0.0,0.0,0.0,590254.7422875084
2022-10-10,0,0.0,0.0,0.0,590254.7422875084
2022-10-11,0,0.0,0.0,0.0,590254.7422875084
2022-10-12,0,0.0,0.0,0.0,590254.7422875084
2022-10-13,0,0.0,0.0,0.0,590254.7422875084
2022-10-16,0,0.0,0.0,0.0,590254.7422875084
2022-10-17,0,0.0,0.0,0.0,590254.7422875084
2022-10-19,0,0.0,0.0,0.0,590254.7422875084
2022-10-20,0,0.0,0.0,0.0,590254.7422875084
2022-10-23,1,0.00990099009900991,0.006616887405936437,0.0032841026930734724,592193.1994762542
2022-10-31,1,0.023284313725490113,0.006660105924675684,0.01662420780081443,602037.9422825766
2022-11-01,1,-0.005988023952095856,0.00656359016608631,-0.012551614118182165,594481.3943465413
2022-11-02,0,0.0,0.0,0.0,594481.3943465413
2022-11-03,0,0.0,0.0,0.0,594481.3943465413
2022-11-06,1,-0.012903225806451646,0.006542171437683675,-0.01944539724413532,582921.4674792254
2022-11-07,0,0.0,0.0,0.0,582921.4674792254
2022-11-08,0,0.0,0.0,0.0,582921.4674792254
2022-11-09,0,0.0,0.0,0.0,582921.4674792254
2022-11-10,0,0.0,0.0,0.0,582921.4674792254
2022-11-13,0,0.0,0.0,0.0,582921.4674792254
2022-11-14,0,0.0,0.0,0.0,582921.4674792254
2022-11-15,0,0.0,0.0,0.0,582921.4674792254
2022-11-16,0,0.0,0.0,0.0,582921.4674792254
2022-11-17,2,0.0018848393778901906,0.007078052390930895,-0.005193213013040704,579894.2321287314
2022-11-22,0,0.0,0.0,0.0,579894.2321287314
2022-11-23,0,0.0,0.0,0.0,579894.2321287314
2022-11-24,0,0.0,0.0,0.0,579894.2321287314
2022-11-27,2,-0.0026058762600842944,0.007063454966843983,-0.009669331226928278,574287.0427216935
2022-11-28,0,0.0,0.0,0.0,574287.0427216935
2022-11-29,1,-0.007067137809187329,0.0065640962773397754,-0.013631234086527104,566458.8016094947
2022-11-30,1,0.035147392290249435,0.006702496697469421,0.028444895592780014,582571.6630788881
2022-12-01,1,-0.033953997809419545,0.006475475858054051,-0.0404294736674736,559018.5973670238
2022-12-04,2,-0.01540169068904701,0.007025749092366778,-0.022427439781413788,546481.2414378845
2022-12-05,0,0.0,0.0,0.0,546481.2414378845
2022-12-06,0,0.0,0.0,0.0,546481.2414378845
2022-12-07,1,-0.0325203252032521,0.006485803391953662,-0.03900612859520576,525165.1238594907
2022-12-11,1,-0.0009337068160597539,0.006592173603062627,-0.007525880419122381,521212.7939370306
2022-12-12,1,-0.009693251533742342,0.006564427041257143,-0.016257678574999483,512739.0838640249
2022-12-13,1,0.001115103456820643,0.00660113957037369,-0.005486036113553047,509926.1787331168
2022-12-14,0,0.0,0.0,0.0,509926.1787331168
2022-12-15,0,0.0,0.0,0.0,509926.1787331168
2022-12-18,0,0.0,0.0,0.0,509926.1787331168
2022-12-19,0,0.0,0.0,0.0,509926.1787331168
2022-12-20,0,0.0,0.0,0.0,509926.1787331168
2022-12-21,0,0.0,0.0,0.0,509926.1787331168
2022-12-22,0,0.0,0.0,0.0,509926.1787331168
2022-12-26,0,0.0,0.0,0.0,509926.1787331168
2022-12-27,0,0.0,0.0,0.0,509926.1787331168
2022-12-28,0,0.0,0.0,0.0,509926.1787331168
2022-12-29,0,0.0,0.0,0.0,509926.1787331168
2023-01-01,1,0.010300429184549431,0.006631529803529886,0.0036688993810195455,511797.0465746363
2023-01-02,2,0.009738609257633257,0.007128988153227694,0.0026096211044055635,513132.6429485499
2023-01-03,1,0.03682008368200829,0.006717105964323754,0.030102977717684533,528579.4634654466
2023-01-04,1,0.02421307506053272,0.006673285650616483,0.017539789409916236,537850.6359410371
2023-01-05,0,0.0,0.0,0.0,537850.6359410371
2023-01-08,0,0.0,0.0,0.0,537850.6359410371
2023-01-09,0,0.0,0.0,0.0,537850.6359410371
2023-01-10,0,0.0,0.0,0.0,537850.6359410371
2023-01-12,0,0.0,0.0,0.0,537850.6359410371
2023-01-17,1,-0.007009345794392496,0.006570182238199944,-0.01357952803259244,530546.8781529281
2023-01-18,0,0.0,0.0,0.0,530546.8781529281
2023-01-19,0,0.0,0.0,0.0,530546.8781529281
2023-01-23,0,0.0,0.0,0.0,530546.8781529281
2023-01-24,0,0.0,0.0,0.0,530546.8781529281
2023-01-25,0,0.0,0.0,0.0,530546.8781529281
2023-01-26,0,0.0,0.0,0.0,530546.8781529281
2023-01-29,0,0.0,0.0,0.0,530546.8781529281
2023-01-30,0,0.0,0.0,0.0,530546.8781529281
2023-01-31,0,0.0,0.0,0.0,530546.8781529281
2023-02-01,0,0.0,0.0,0.0,530546.8781529281
2023-02-02,0,0.0,0.0,0.0,530546.8781529281
2023-02-05,0,0.0,0.0,0.0,530546.8781529281
2023-02-06,0,0.0,0.0,0.0,530546.8781529281
2023-02-07,2,0.00019574404187311378,0.007089160075064507,-0.0068934160331913935,526889.597796709
2023-02-08,0,0.0,0.0,0.0,526889.597796709
2023-02-09,1,-0.04663746457098694,0.006443324780537355,-0.0530807893515243,498921.8820445526
2023-02-12,0,0.0,0.0,0.0,498921.8820445526
2023-02-14,0,0.0,0.0,0.0,498921.8820445526
2023-02-15,0,0.0,0.0,0.0,498921.8820445526
2023-02-16,0,0.0,0.0,0.0,498921.8820445526
2023-02-20,0,0.0,0.0,0.0,498921.8820445526
2023-02-22,1,-0.019178082191780854,0.006934051705969452,-0.026112133897750307,485893.9670560876
2023-02-23,0,0.0,0.0,0.0,485893.9670560876
2023-02-26,0,0.0,0.0,0.0,485893.9670560876
2023-02-27,0,0.0,0.0,0.0,485893.9670560876
2023-02-28,0,0.0,0.0,0.0,485893.9670560876
2023-03-01,0,0.0,0.0,0.0,485893.9670560876
2023-03-02,0,0.0,0.0,0.0,485893.9670560876
2023-03-05,2,0.02664615835347539,0.007197735464918736,0.019448422888556655,495343.8384063929
2023-03-07,0,0.0,0.0,0.0,495343.8384063929
2023-03-09,0,0.0,0.0,0.0,495343.8384063929
2023-03-12,0,0.0,0.0,0.0,495343.8384063929
2023-03-13,0,0.0,0.0,0.0,495343.8384063929
2023-03-14,0,0.0,0.0,0.0,495343.8384063929
2023-03-15,0,0.0,0.0,0.0,495343.8384063929
2023-03-16,0,0.0,0.0,0.0,495343.8384063929
2023-03-19,0,0.0,0.0,0.0,495343.8384063929
2023-03-20,0,0.0,0.0,0.0,495343.8384063929
2023-03-22,0,0.0,0.0,0.0,495343.8384063929
2023-03-23,0,0.0,0.0,0.0,495343.8384063929
2023-03-26,0,0.0,0.0,0.0,495343.8384063929
2023-03-27,0,0.0,0.0,0.0,495343.8384063929
2023-03-28,0,0.0,0.0,0.0,495343.8384063929
2023-03-29,0,0.0,0.0,0.0,495343.8384063929
2023-03-30,0,0.0,0.0,0.0,495343.8384063929
2023-04-02,0,0.0,0.0,0.0,495343.8384063929
2023-04-03,1,0.006759611322348924,0.007024260644832107,-0.000264649322483183,495212.74599516246
2023-04-04,0,0.0,0.0,0.0,495212.74599516246
2023-04-05,0,0.0,0.0,0.0,495212.74599516246
2023-04-06,0,0.0,0.0,0.0,495212.74599516246
2023-04-09,0,0.0,0.0,0.0,495212.74599516246
2023-04-10,0,0.0,0.0,0.0,495212.74599516246
2023-04-11,0,0.0,0.0,0.0,495212.74599516246
2023-04-12,0,0.0,0.0,0.0,495212.74599516246
2023-04-13,0,0.0,0.0,0.0,495212.74599516246
2023-04-16,0,0.0,0.0,0.0,495212.74599516246
2023-04-17,0,0.0,0.0,0.0,495212.74599516246
2023-04-18,0,0.0,0.0,0.0,495212.74599516246
2023-04-19,0,0.0,0.0,0.0,495212.74599516246
2023-04-20,0,0.0,0.0,0.0,495212.74599516246
2023-04-23,0,0.0,0.0,0.0,495212.74599516246
2023-04-24,0,0.0,0.0,0.0,495212.74599516246
2023-04-25,0,0.0,0.0,0.0,495212.74599516246
2023-04-26,0,0.0,0.0,0.0,495212.74599516246
2023-04-27,0,0.0,0.0,0.0,495212.74599516246
2023-04-30,0,0.0,0.0,0.0,495212.74599516246
2023-05-02,0,0.0,0.0,0.0,495212.74599516246
2023-05-03,0,0.0,0.0,0.0,495212.74599516246
2023-05-04,0,0.0,0.0,0.0,495212.74599516246
2023-05-07,0,0.0,0.0,0.0,495212.74599516246
2023-05-08,0,0.0,0.0,0.0,495212.74599516246
2023-05-09,0,0.0,0.0,0.0,495212.74599516246
2023-05-10,0,0.0,0.0,0.0,495212.74599516246
2023-05-11,0,0.0,0.0,0.0,495212.74599516246
2023-05-14,1,-0.015444015444015413,0.006947684853258629,-0.022391700297274043,484124.0906034487
2023-05-15,0,0.0,0.0,0.0,484124.0906034487
2023-05-16,0,0.0,0.0,0.0,484124.0906034487
2023-05-17,1,0.021765417170495738,0.0070783699950411425,0.014687047175454595,491234.44396091555
2023-05-18,1,0.020118343195266286,0.00686716900899684,0.013251174186269445,497743.87714413693
2023-05-21,0,0.0,0.0,0.0,497743.87714413693
2023-05-22,0,0.0,0.0,0.0,497743.87714413693
2023-05-23,2,0.007533347142359703,0.007126896587313234,0.0004064505550464689,497946.18541927316
2023-05-24,1,-0.03054819361138228,0.00689502118917784,-0.03744321480056012,479301.4794394998
2023-05-28,0,0.0,0.0,0.0,479301.4794394998
2023-05-30,0,0.0,0.0,0.0,479301.4794394998
2023-05-31,1,0.018242122719734688,0.00706725379963413,0.01117486892010056,484657.61064544646
2023-06-01,0,0.0,0.0,0.0,484657.61064544646
2023-06-04,0,0.0,0.0,0.0,484657.61064544646
2023-06-05,0,0.0,0.0,0.0,484657.61064544646
2023-06-06,0,0.0,0.0,0.0,484657.61064544646
2023-06-07,0,0.0,0.0,0.0,484657.61064544646
2023-06-08,0,0.0,0.0,0.0,484657.61064544646
2023-06-11,2,-0.006445193613335232,0.007084095310108229,-0.013529288923443461,478100.5378020784
2023-06-12,0,0.0,0.0,0.0,478100.5378020784
2023-06-13,2,0.01439241370555766,0.007158814855338481,0.00723359885021918,481558.9253026127
2023-06-14,0,0.0,0.0,0.0,481558.9253026127
2023-06-15,0,0.0,0.0,0.0,481558.9253026127
2023-06-18,1,-0.0043057050592034685,0.00698897477095808,-0.011294679830161549,476119.87142196303
2023-06-19,0,0.0,0.0,0.0,476119.87142196303
2023-06-20,0,0.0,0.0,0.0,476119.87142196303
2023-06-21,1,0.004761904761904745,0.00702144414208869,-0.0022595393801839447,475044.05982279696
2023-06-22,0,0.0,0.0,0.0,475044.05982279696
2023-06-25,1,-0.011111111111111072,0.006966920061517349,-0.01807803117262842,466456.1985009485
2023-06-26,0,0.0,0.0,0.0,466456.1985009485
2023-06-27,0,0.0,0.0,0.0,466456.1985009485
2023-06-28,0,0.0,0.0,0.0,466456.1985009485
2023-07-02,1,0.00293040293040292,0.007017301090828597,-0.004086898160425677,464549.83952137583
2023-07-03,0,0.0,0.0,0.0,464549.83952137583
2023-07-04,0,0.0,0.0,0.0,464549.83952137583
2023-07-05,0,0.0,0.0,0.0,464549.83952137583
2023-07-06,0,0.0,0.0,0.0,464549.83952137583
2023-07-09,0,0.0,0.0,0.0,464549.83952137583
2023-07-10,0,0.0,0.0,0.0,464549.83952137583
2023-07-11,0,0.0,0.0,0.0,464549.83952137583
2023-07-12,0,0.0,0.0,0.0,464549.83952137583
2023-07-13,0,0.0,0.0,0.0,464549.83952137583
2023-07-16,0,0.0,0.0,0.0,464549.83952137583
2023-07-17,0,0.0,0.0,0.0,464549.83952137583
2023-07-18,0,0.0,0.0,0.0,464549.83952137583
2023-07-19,0,0.0,0.0,0.0,464549.83952137583
2023-07-20,1,0.040064102564102644,0.007145852231819435,0.03291825033228321,479842.00743056246
2023-07-23,3,0.0023610564944258248,0.00722074853851905,-0.004859692044093224,477510.12304463045
2023-07-24,0,0.0,0.0,0.0,477510.12304463045
2023-07-25,0,0.0,0.0,0.0,477510.12304463045
2023-07-26,0,0.0,0.0,0.0,477510.12304463045
2023-07-27,0,0.0,0.0,0.0,477510.12304463045
2023-07-30,1,-0.007346938775510292,0.006979362883251293,-0.014326301658761585,470669.1689767807
2023-07-31,0,0.0,0.0,0.0,470669.1689767807
2023-08-01,0,0.0,0.0,0.0,470669.1689767807
2023-08-02,0,0.0,0.0,0.0,470669.1689767807
2023-08-03,0,0.0,0.0,0.0,470669.1689767807
2023-08-06,0,0.0,0.0,0.0,470669.1689767807
2023-08-07,0,0.0,0.0,0.0,470669.1689767807
2023-08-08,0,0.0,0.0,0.0,470669.1689767807
2023-08-09,0,0.0,0.0,0.0,470669.1689767807
2023-08-10,0,0.0,0.0,0.0,470669.1689767807
2023-08-13,0,0.0,0.0,0.0,470669.1689767807
2023-08-14,1,-0.01273885350318471,0.006962282685248151,-0.01970113618843286,461396.4515790727
2023-08-15,0,0.0,0.0,0.0,461396.4515790727
2023-08-16,1,-0.014570179698882968,0.006958099556524729,-0.021528279255407696,451463.3799220242
2023-08-17,0,0.0,0.0,0.0,451463.3799220242
2023-08-20,0,0.0,0.0,0.0,451463.3799220242
2023-08-21,0,0.0,0.0,0.0,451463.3799220242
2023-08-22,0,0.0,0.0,0.0,451463.3799220242
2023-08-23,0,0.0,0.0,0.0,451463.3799220242
2023-08-24,0,0.0,0.0,0.0,451463.3799220242
2023-08-27,0,0.0,0.0,0.0,451463.3799220242
2023-08-28,0,0.0,0.0,0.0,451463.3799220242
2023-08-29,0,0.0,0.0,0.0,451463.3799220242
2023-08-30,0,0.0,0.0,0.0,451463.3799220242
2023-09-03,0,0.0,0.0,0.0,451463.3799220242
2023-09-04,0,0.0,0.0,0.0,451463.3799220242
2023-09-05,0,0.0,0.0,0.0,451463.3799220242
2023-09-07,0,0.0,0.0,0.0,451463.3799220242
2023-09-10,0,0.0,0.0,0.0,451463.3799220242
2023-09-11,0,0.0,0.0,0.0,451463.3799220242
2023-09-12,0,0.0,0.0,0.0,451463.3799220242
2023-09-13,0,0.0,0.0,0.0,451463.3799220242
2023-09-17,0,0.0,0.0,0.0,451463.3799220242
2023-09-18,0,0.0,0.0,0.0,451463.3799220242
2023-09-19,0,0.0,0.0,0.0,451463.3799220242
2023-09-21,0,0.0,0.0,0.0,451463.3799220242
2023-09-24,0,0.0,0.0,0.0,451463.3799220242
2023-09-25,0,0.0,0.0,0.0,451463.3799220242
2023-09-26,0,0.0,0.0,0.0,451463.3799220242
2023-09-27,0,0.0,0.0,0.0,451463.3799220242
2023-10-01,0,0.0,0.0,0.0,451463.3799220242
2023-10-02,0,0.0,0.0,0.0,451463.3799220242
2023-10-03,0,0.0,0.0,0.0,451463.3799220242
2023-10-04,0,0.0,0.0,0.0,451463.3799220242
2023-10-05,0,0.0,0.0,0.0,451463.3799220242
2023-10-08,0,0.0,0.0,0.0,451463.3799220242
2023-10-09,1,-0.010732617825478408,0.00697372342245242,-0.01770634124793083,443469.61525618064
2023-10-10,0,0.0,0.0,0.0,443469.61525618064
2023-10-11,0,0.0,0.0,0.0,443469.61525618064
2023-10-12,0,0.0,0.0,0.0,443469.61525618064
2023-10-16,1,-0.0005694760820045275,0.007010782603566028,-0.0075802586855705555,440108.00085334835
2023-10-17,0,0.0,0.0,0.0,440108.00085334835
2023-10-18,0,0.0,0.0,0.0,440108.00085334835
2023-10-19,0,0.0,0.0,0.0,440108.00085334835
2023-10-29,0,0.0,0.0,0.0,440108.00085334835
2023-10-30,0,0.0,0.0,0.0,440108.00085334835
2023-10-31,0,0.0,0.0,0.0,440108.00085334835
2023-11-01,0,0.0,0.0,0.0,440108.00085334835
2023-11-02,0,0.0,0.0,0.0,440108.00085334835
2023-11-05,0,0.0,0.0,0.0,440108.00085334835
2023-11-06,0,0.0,0.0,0.0,440108.00085334835
2023-11-07,0,0.0,0.0,0.0,440108.00085334835
2023-11-08,0,0.0,0.0,0.0,440108.00085334835
2023-11-09,0,0.0,0.0,0.0,440108.00085334835
2023-11-20,0,0.0,0.0,0.0,440108.00085334835
2023-11-21,0,0.0,0.0,0.0,440108.00085334835
2023-11-22,0,0.0,0.0,0.0,440108.00085334835
2023-11-23,0,0.0,0.0,0.0,440108.00085334835
2023-11-26,0,0.0,0.0,0.0,440108.00085334835
2023-11-27,0,0.0,0.0,0.0,440108.00085334835
2023-11-28,1,-0.042654028436018954,0.00686645207959451,-0.04952048051561346,418313.64117232454
2023-11-29,0,0.0,0.0,0.0,418313.64117232454
2023-11-30,0,0.0,0.0,0.0,418313.64117232454
2023-12-03,0,0.0,0.0,0.0,418313.64117232454
2023-12-04,0,0.0,0.0,0.0,418313.64117232454
2023-12-05,0,0.0,0.0,0.0,418313.64117232454
2023-12-06,0,0.0,0.0,0.0,418313.64117232454
2023-12-07,0,0.0,0.0,0.0,418313.64117232454
2023-12-10,0,0.0,0.0,0.0,418313.64117232454
2023-12-11,0,0.0,0.0,0.0,418313.64117232454
2023-12-12,0,0.0,0.0,0.0,418313.64117232454
2023-12-13,0,0.0,0.0,0.0,418313.64117232454
2023-12-14,0,0.0,0.0,0.0,418313.64117232454
2023-12-17,1,0.034637876743139895,0.007139028213621696,0.0274988485295182,429816.78462875355
2023-12-18,1,0.0015052684395384652,0.007021521811451546,-0.005516253371913081,427445.80634124036
2023-12-19,0,0.0,0.0,0.0,427445.80634124036
2023-12-20,0,0.0,0.0,0.0,427445.80634124036
2023-12-21,0,0.0,0.0,0.0,427445.80634124036
2023-12-24,1,-0.002970297029702973,0.007006726368214165,-0.009977023397917138,423181.1695300322
2023-12-27,0,0.0,0.0,0.0,423181.1695300322
2023-12-28,1,-0.120110355700069,0.006603771978106426,-0.12671412767817544,369558.1367832041
2024-01-01,0,0.0,0.0,0.0,369558.1367832041
2024-01-02,1,0.06912442396313367,0.007273775972509109,0.06185064799062456,392415.5470134531
2024-01-03,0,0.0,0.0,0.0,392415.5470134531
2024-01-04,0,0.0,0.0,0.0,392415.5470134531
2024-01-07,0,0.0,0.0,0.0,392415.5470134531
2024-01-08,0,0.0,0.0,0.0,392415.5470134531
2024-01-09,0,0.0,0.0,0.0,392415.5470134531
2024-01-10,0,0.0,0.0,0.0,392415.5470134531
2024-01-11,0,0.0,0.0,0.0,392415.5470134531
2024-01-14,0,0.0,0.0,0.0,392415.5470134531
2024-01-16,0,0.0,0.0,0.0,392415.5470134531
2024-01-17,0,0.0,0.0,0.0,392415.5470134531
2024-01-18,1,0.05050505050505061,0.007201658374962353,0.043303392130088256,409408.4713237197
2024-01-21,0,0.0,0.0,0.0,409408.4713237197
2024-01-22,0,0.0,0.0,0.0,409408.4713237197
2024-01-23,0,0.0,0.0,0.0,409408.4713237197
2024-01-24,0,0.0,0.0,0.0,409408.4713237197
2024-01-25,0,0.0,0.0,0.0,409408.4713237197
2024-01-28,0,0.0,0.0,0.0,409408.4713237197
2024-01-29,0,0.0,0.0,0.0,409408.4713237197
2024-01-30,0,0.0,0.0,0.0,409408.4713237197
2024-01-31,0,0.0,0.0,0.0,409408.4713237197
2024-02-01,0,0.0,0.0,0.0,409408.4713237197
2024-02-04,0,0.0,0.0,0.0,409408.4713237197
2024-02-05,0,0.0,0.0,0.0,409408.4713237197
2024-02-06,0,0.0,0.0,0.0,409408.4713237197
2024-02-07,0,0.0,0.0,0.0,409408.4713237197
2024-02-08,0,0.0,0.0,0.0,409408.4713237197
2024-02-11,0,0.0,0.0,0.0,409408.4713237197
2024-02-12,0,0.0,0.0,0.0,409408.4713237197
2024-02-13,0,0.0,0.0,0.0,409408.4713237197
2024-02-14,0,0.0,0.0,0.0,409408.4713237197
2024-02-15,0,0.0,0.0,0.0,409408.4713237197
2024-02-18,0,0.0,0.0,0.0,409408.4713237197
2024-02-20,0,0.0,0.0,0.0,409408.4713237197
2024-02-21,0,0.0,0.0,0.0,409408.4713237197
2024-02-22,0,0.0,0.0,0.0,409408.4713237197
2024-02-25,0,0.0,0.0,0.0,409408.4713237197
2024-02-26,0,0.0,0.0,0.0,409408.4713237197
2024-02-27,0,0.0,0.0,0.0,409408.4713237197
2024-02-28,0,0.0,0.0,0.0,409408.4713237197
2024-02-29,0,0.0,0.0,0.0,409408.4713237197
2024-03-03,0,0.0,0.0,0.0,409408.4713237197
2024-03-04,0,0.0,0.0,0.0,409408.4713237197
2024-03-05,0,0.0,0.0,0.0,409408.4713237197
2024-03-06,0,0.0,0.0,0.0,409408.4713237197
2024-03-07,0,0.0,0.0,0.0,409408.4713237197
2024-03-10,0,0.0,0.0,0.0,409408.4713237197
2024-03-12,0,0.0,0.0,0.0,409408.4713237197
2024-03-13,0,0.0,0.0,0.0,409408.4713237197
2024-03-14,0,0.0,0.0,0.0,409408.4713237197
2024-03-17,0,0.0,0.0,0.0,409408.4713237197
2024-03-18,0,0.0,0.0,0.0,409408.4713237197
2024-03-19,0,0.0,0.0,0.0,409408.4713237197
2024-03-20,0,0.0,0.0,0.0,409408.4713237197
2024-03-21,0,0.0,0.0,0.0,409408.4713237197
2024-03-25,0,0.0,0.0,0.0,409408.4713237197
2024-03-26,0,0.0,0.0,0.0,409408.4713237197
2024-03-27,0,0.0,0.0,0.0,409408.4713237197
2024-03-28,0,0.0,0.0,0.0,409408.4713237197
2024-03-31,0,0.0,0.0,0.0,409408.4713237197
2024-04-01,0,0.0,0.0,0.0,409408.4713237197
2024-04-02,0,0.0,0.0,0.0,409408.4713237197
2024-04-03,0,0.0,0.0,0.0,409408.4713237197
2024-04-04,0,0.0,0.0,0.0,409408.4713237197
2024-04-07,0,0.0,0.0,0.0,409408.4713237197
2024-04-09,0,0.0,0.0,0.0,409408.4713237197
2024-04-10,0,0.0,0.0,0.0,409408.4713237197
2024-04-14,0,0.0,0.0,0.0,409408.4713237197
2024-04-15,0,0.0,0.0,0.0,409408.4713237197
2024-04-16,0,0.0,0.0,0.0,409408.4713237197
2024-04-18,0,0.0,0.0,0.0,409408.4713237197
2024-04-21,0,0.0,0.0,0.0,409408.4713237197
2024-04-22,0,0.0,0.0,0.0,409408.4713237197
2024-04-24,0,0.0,0.0,0.0,409408.4713237197
2024-04-25,0,0.0,0.0,0.0,409408.4713237197
2024-04-28,0,0.0,0.0,0.0,409408.4713237197
2024-04-29,0,0.0,0.0,0.0,409408.4713237197
2024-04-30,0,0.0,0.0,0.0,409408.4713237197
2024-05-02,0,0.0,0.0,0.0,409408.4713237197
2024-05-05,0,0.0,0.0,0.0,409408.4713237197
2024-05-06,0,0.0,0.0,0.0,409408.4713237197
2024-05-07,0,0.0,0.0,0.0,409408.4713237197
2024-05-08,0,0.0,0.0,0.0,409408.4713237197
2024-05-09,0,0.0,0.0,0.0,409408.4713237197
2024-05-12,0,0.0,0.0,0.0,409408.4713237197
2024-05-13,0,0.0,0.0,0.0,409408.4713237197
2024-05-14,0,0.0,0.0,0.0,409408.4713237197
2024-05-15,0,0.0,0.0,0.0,409408.4713237197
2024-05-16,0,0.0,0.0,0.0,409408.4713237197
2024-05-19,0,0.0,0.0,0.0,409408.4713237197
2024-05-20,1,0.050000000000000044,0.007194627419196621,0.04280537258080342,426933.35347646876
2024-05-21,0,0.0,0.0,0.0,426933.35347646876
2024-05-22,2,-0.003630422944273015,0.007121703636911671,-0.010752126581184686,422342.9120181601
2024-05-26,0,0.0,0.0,0.0,422342.9120181601
2024-05-27,0,0.0,0.0,0.0,422342.9120181601
2024-05-29,0,0.0,0.0,0.0,422342.9120181601
2024-05-30,0,0.0,0.0,0.0,422342.9120181601
2024-06-02,0,0.0,0.0,0.0,422342.9120181601
2024-06-03,0,0.0,0.0,0.0,422342.9120181601
2024-06-04,0,0.0,0.0,0.0,422342.9120181601
2024-06-05,0,0.0,0.0,0.0,422342.9120181601
2024-06-06,0,0.0,0.0,0.0,422342.9120181601
2024-06-09,0,0.0,0.0,0.0,422342.9120181601
2024-06-10,0,0.0,0.0,0.0,422342.9120181601
2024-06-11,0,0.0,0.0,0.0,422342.9120181601
2024-06-12,0,0.0,0.0,0.0,422342.9120181601
2024-06-13,0,0.0,0.0,0.0,422342.9120181601
2024-06-16,0,0.0,0.0,0.0,422342.9120181601
2024-06-18,0,0.0,0.0,0.0,422342.9120181601
2024-06-19,0,0.0,0.0,0.0,422342.9120181601
2024-06-20,0,0.0,0.0,0.0,422342.9120181601
2024-06-23,0,0.0,0.0,0.0,422342.9120181601
2024-06-24,0,0.0,0.0,0.0,422342.9120181601
2024-06-25,0,0.0,0.0,0.0,422342.9120181601
2024-06-26,0,0.0,0.0,0.0,422342.9120181601
2024-06-27,0,0.0,0.0,0.0,422342.9120181601
2024-06-30,0,0.0,0.0,0.0,422342.9120181601
2024-07-01,0,0.0,0.0,0.0,422342.9120181601
2024-07-02,0,0.0,0.0,0.0,422342.9120181601
2024-07-03,0,0.0,0.0,0.0,422342.9120181601
2024-07-04,0,0.0,0.0,0.0,422342.9120181601
2024-07-07,0,0.0,0.0,0.0,422342.9120181601
2024-07-08,0,0.0,0.0,0.0,422342.9120181601
2024-07-09,0,0.0,0.0,0.0,422342.9120181601
2024-07-10,3,0.006076495565546643,0.0072761255466828635,-0.0011996299811362207,421836.25679858273
2024-07-11,2,0.023355413789387547,0.007217634985080651,0.016137778804306897,428643.75700243504
2024-07-14,1,0.015505568901506894,0.007070141193292996,0.0084354277082139,432259.5504272063
2024-07-15,0,0.0,0.0,0.0,432259.5504272063
2024-07-16,5,0.03575655823196353,0.007601716346723904,0.028154841885239628,444429.749722869
2024-07-17,2,0.03067543019859087,0.007230837673633907,0.023444592524956964,454849.22411109024
2024-07-18,0,0.0,0.0,0.0,454849.22411109024
2024-07-21,0,0.0,0.0,0.0,454849.22411109024
2024-07-22,0,0.0,0.0,0.0,454849.22411109024
2024-07-23,2,0.00789211016649588,0.007147080853794454,0.0007450293127014267,455188.1001159125
2024-07-24,0,0.0,0.0,0.0,455188.1001159125
2024-07-25,1,0.00746268656716409,0.007035590967995884,0.00042709559916820523,455382.50895026576
2024-07-28,2,0.0016291579127884481,0.007125216205158676,-0.005496058292370228,452879.7001357493
2024-07-29,0,0.0,0.0,0.0,452879.7001357493
2024-07-30,0,0.0,0.0,0.0,452879.7001357493
2024-07-31,0,0.0,0.0,0.0,452879.7001357493
2024-08-01,0,0.0,0.0,0.0,452879.7001357493
2024-08-05,0,0.0,0.0,0.0,452879.7001357493
2024-08-06,1,0.03695652173913033,0.007137904595271134,0.029818617143859198,466383.946526323
2024-08-07,2,0.015518471397098221,0.007167954339774977,0.008350517057323245,470278.49362705275
2024-08-08,0,0.0,0.0,0.0,470278.49362705275
2024-08-11,0,0.0,0.0,0.0,470278.49362705275
2024-08-12,0,0.0,0.0,0.0,470278.49362705275
2024-08-13,0,0.0,0.0,0.0,470278.49362705275
2024-08-14,0,0.0,0.0,0.0,470278.49362705275
2024-08-15,0,0.0,0.0,0.0,470278.49362705275
2024-08-18,0,0.0,0.0,0.0,470278.49362705275
2024-08-21,1,-0.0051948051948051965,0.006988397901999547,-0.012183203096804743,464548.99522713496
2024-08-22,0,0.0,0.0,0.0,464548.99522713496
2024-08-25,0,0.0,0.0,0.0,464548.99522713496
2024-08-27,5,0.007045858524049264,0.007462464579844502,-0.0004166060557952373,464355.46130250976
2024-08-28,1,-0.011978021978022002,0.006966351956291835,-0.018944373934313835,455558.5378051542
2024-08-29,1,-0.01913024135246366,0.006943756046392192,-0.026073997398855853,443680.30567539606
2024-09-01,3,0.05778865944146272,0.007437452142330697,0.05035120729913202,466020.1447210002
2024-09-02,1,0.10000000000000009,0.007132291499233223,0.09286770850076687,509298.36767643533
2024-09-03,1,0.008264462809917328,0.00662503378304876,0.0016394290268685677,510133.3262037409
2024-09-04,0,0.0,0.0,0.0,510133.3262037409
2024-09-05,0,0.0,0.0,0.0,510133.3262037409
2024-09-08,0,0.0,0.0,0.0,510133.3262037409
2024-09-09,1,-0.010247349823321428,0.006564709705662019,-0.016812059528983445,501556.93435588526
2024-09-10,0,0.0,0.0,0.0,501556.93435588526
2024-09-11,0,0.0,0.0,0.0,501556.93435588526
2024-09-12,0,0.0,0.0,0.0,501556.93435588526
2024-09-15,0,0.0,0.0,0.0,501556.93435588526
2024-09-16,0,0.0,0.0,0.0,501556.93435588526
2024-09-18,0,0.0,0.0,0.0,501556.93435588526
2024-09-22,0,0.0,0.0,0.0,501556.93435588526
2024-09-23,0,0.0,0.0,0.0,501556.93435588526
2024-09-24,2,0.02315496535865469,0.007179263789960894,0.015975701568693795,509569.65825886384
2024-09-25,0,0.0,0.0,0.0,509569.65825886384
2024-09-26,0,0.0,0.0,0.0,509569.65825886384
2024-09-29,0,0.0,0.0,0.0,509569.65825886384
2024-09-30,0,0.0,0.0,0.0,509569.65825886384
2024-10-01,0,0.0,0.0,0.0,509569.65825886384
2024-10-02,0,0.0,0.0,0.0,509569.65825886384
2024-10-06,0,0.0,0.0,0.0,509569.65825886384
2024-10-07,0,0.0,0.0,0.0,509569.65825886384
2024-10-08,0,0.0,0.0,0.0,509569.65825886384
2024-10-09,0,0.0,0.0,0.0,509569.65825886384
2024-10-15,0,0.0,0.0,0.0,509569.65825886384
2024-10-16,1,0.0,0.0065981220117595765,-0.0065981220117595765,506207.4554801812
2024-10-17,0,0.0,0.0,0.0,506207.4554801812
2024-10-20,0,0.0,0.0,0.0,506207.4554801812
2024-10-21,0,0.0,0.0,0.0,506207.4554801812
2024-10-22,0,0.0,0.0,0.0,506207.4554801812
2024-10-23,0,0.0,0.0,0.0,506207.4554801812
2024-10-24,0,0.0,0.0,0.0,506207.4554801812
2024-10-27,0,0.0,0.0,0.0,506207.4554801812
2024-10-28,0,0.0,0.0,0.0,506207.4554801812
2024-10-29,0,0.0,0.0,0.0,506207.4554801812
2024-10-30,0,0.0,0.0,0.0,506207.4554801812
2024-11-05,0,0.0,0.0,0.0,506207.4554801812
2024-11-06,0,0.0,0.0,0.0,506207.4554801812
2024-11-10,0,0.0,0.0,0.0,506207.4554801812
2024-11-11,0,0.0,0.0,0.0,506207.4554801812
2024-11-12,0,0.0,0.0,0.0,506207.4554801812
2024-11-13,0,0.0,0.0,0.0,506207.4554801812
2024-11-14,1,-0.0185849364199544,0.006734655702251971,-0.025319592122206372,493390.4891782031
2024-11-17,0,0.0,0.0,0.0,493390.4891782031
2024-11-19,0,0.0,0.0,0.0,493390.4891782031
2024-11-20,0,0.0,0.0,0.0,493390.4891782031
2024-11-21,0,0.0,0.0,0.0,493390.4891782031
2024-11-24,0,0.0,0.0,0.0,493390.4891782031
2024-11-25,1,-0.008438818565400852,0.006972225686453981,-0.015411044251854833,485786.82651603356
2024-11-26,0,0.0,0.0,0.0,485786.82651603356
2024-11-27,0,0.0,0.0,0.0,485786.82651603356
2024-11-28,0,0.0,0.0,0.0,485786.82651603356
2024-12-01,0,0.0,0.0,0.0,485786.82651603356
2024-12-02,0,0.0,0.0,0.0,485786.82651603356
2024-12-03,0,0.0,0.0,0.0,485786.82651603356
2024-12-04,0,0.0,0.0,0.0,485786.82651603356
2024-12-05,0,0.0,0.0,0.0,485786.82651603356
2024-12-08,0,0.0,0.0,0.0,485786.82651603356
2024-12-09,0,0.0,0.0,0.0,485786.82651603356
2024-12-10,0,0.0,0.0,0.0,485786.82651603356
2024-12-11,0,0.0,0.0,0.0,485786.82651603356
2024-12-12,0,0.0,0.0,0.0,485786.82651603356
2024-12-16,0,0.0,0.0,0.0,485786.82651603356
2024-12-17,0,0.0,0.0,0.0,485786.82651603356
2024-12-18,0,0.0,0.0,0.0,485786.82651603356
2024-12-19,0,0.0,0.0,0.0,485786.82651603356
2024-12-22,0,0.0,0.0,0.0,485786.82651603356
2024-12-23,0,0.0,0.0,0.0,485786.82651603356
2024-12-24,0,0.0,0.0,0.0,485786.82651603356
2024-12-26,0,0.0,0.0,0.0,485786.82651603356
2024-12-29,0,0.0,0.0,0.0,485786.82651603356
2024-12-31,0,0.0,0.0,0.0,485786.82651603356
2025-01-01,0,0.0,0.0,0.0,485786.82651603356
2025-01-02,0,0.0,0.0,0.0,485786.82651603356
2025-01-05,0,0.0,0.0,0.0,485786.82651603356
2025-01-06,0,0.0,0.0,0.0,485786.82651603356
2025-01-07,0,0.0,0.0,0.0,485786.82651603356
2025-01-08,0,0.0,0.0,0.0,485786.82651603356
2025-01-09,1,0.002457002457002533,0.007011402463111153,-0.00455440000610862,483574.3589903815
2025-01-12,0,0.0,0.0,0.0,483574.3589903815
2025-01-13,1,-0.02992277992277992,0.006900163123898655,-0.036822943046678575,465767.72791044455
2025-01-15,0,0.0,0.0,0.0,465767.72791044455
2025-01-16,0,0.0,0.0,0.0,465767.72791044455
2025-01-19,0,0.0,0.0,0.0,465767.72791044455
2025-01-20,1,0.007476406422355808,0.007033143246634029,0.0004432631757217793,465974.1855926669
2025-01-21,1,0.017153284671532765,0.007066480913532318,0.010086803758000445,470674.3757590342
2025-01-22,1,0.0009107468123861207,0.007009372631160328,-0.006098625818774207,467803.9088587947
2025-01-23,0,0.0,0.0,0.0,467803.9088587947
2025-01-26,0,0.0,0.0,0.0,467803.9088587947
2025-01-27,0,0.0,0.0,0.0,467803.9088587947
2025-01-28,0,0.0,0.0,0.0,467803.9088587947
2025-02-02,1,0.007653061224489832,0.007033285451587526,0.0006197757729023059,468093.8423879744
2025-02-03,0,0.0,0.0,0.0,468093.8423879744
2025-02-04,0,0.0,0.0,0.0,468093.8423879744
2025-02-05,0,0.0,0.0,0.0,468093.8423879744
2025-02-06,0,0.0,0.0,0.0,468093.8423879744
2025-02-09,0,0.0,0.0,0.0,468093.8423879744
2025-02-10,0,0.0,0.0,0.0,468093.8423879744
2025-02-11,0,0.0,0.0,0.0,468093.8423879744
2025-02-12,0,0.0,0.0,0.0,468093.8423879744
2025-02-13,0,0.0,0.0,0.0,468093.8423879744
2025-02-16,1,0.032160804020100464,0.0071177709621467345,0.02504303305795373,479816.331957121
2025-02-17,0,0.0,0.0,0.0,479816.331957121
2025-02-18,0,0.0,0.0,0.0,479816.331957121
2025-02-20,0,0.0,0.0,0.0,479816.331957121
2025-02-23,0,0.0,0.0,0.0,479816.331957121
2025-02-24,0,0.0,0.0,0.0,479816.331957121
2025-02-25,1,0.01933924254633368,0.007070926927225139,0.01226831561910854,485702.8701567739
2025-02-27,0,0.0,0.0,0.0,485702.8701567739
2025-03-02,2,0.0028915137028443505,0.007115862914104094,-0.004224349211259744,483651.09162032057
2025-03-03,0,0.0,0.0,0.0,483651.09162032057
2025-03-04,0,0.0,0.0,0.0,483651.09162032057
2025-03-05,0,0.0,0.0,0.0,483651.09162032057
2025-03-06,0,0.0,0.0,0.0,483651.09162032057
2025-03-09,0,0.0,0.0,0.0,483651.09162032057
2025-03-10,0,0.0,0.0,0.0,483651.09162032057
2025-03-11,0,0.0,0.0,0.0,483651.09162032057
2025-03-12,0,0.0,0.0,0.0,483651.09162032057
2025-03-16,0,0.0,0.0,0.0,483651.09162032057
2025-03-17,0,0.0,0.0,0.0,483651.09162032057
2025-03-18,0,0.0,0.0,0.0,483651.09162032057
2025-03-19,0,0.0,0.0,0.0,483651.09162032057
2025-03-20,0,0.0,0.0,0.0,483651.09162032057
2025-03-23,0,0.0,0.0,0.0,483651.09162032057
2025-03-24,0,0.0,0.0,0.0,483651.09162032057
2025-03-25,0,0.0,0.0,0.0,483651.09162032057
2025-03-26,0,0.0,0.0,0.0,483651.09162032057
2025-03-27,0,0.0,0.0,0.0,483651.09162032057
2025-03-30,0,0.0,0.0,0.0,483651.09162032057
2025-04-01,0,0.0,0.0,0.0,483651.09162032057
2025-04-02,0,0.0,0.0,0.0,483651.09162032057
2025-04-03,0,0.0,0.0,0.0,483651.09162032057
2025-04-07,0,0.0,0.0,0.0,483651.09162032057
2025-04-08,0,0.0,0.0,0.0,483651.09162032057
2025-04-09,0,0.0,0.0,0.0,483651.09162032057
2025-04-10,0,0.0,0.0,0.0,483651.09162032057
2025-04-13,0,0.0,0.0,0.0,483651.09162032057
2025-04-15,0,0.0,0.0,0.0,483651.09162032057
2025-04-16,0,0.0,0.0,0.0,483651.09162032057
2025-04-17,2,0.002497484411143447,0.007115376942113522,-0.004617892530970075,481417.64285673155
2025-04-20,0,0.0,0.0,0.0,481417.64285673155
2025-04-21,1,-3.1690196637623735e-05,0.00700375059323837,-0.007035440789875994,478030.65753521136
2025-04-22,0,0.0,0.0,0.0,478030.65753521136
2025-04-23,0,0.0,0.0,0.0,478030.65753521136
2025-04-24,0,0.0,0.0,0.0,478030.65753521136
2025-04-27,0,0.0,0.0,0.0,478030.65753521136
2025-04-28,0,0.0,0.0,0.0,478030.65753521136
2025-04-29,1,0.04132720562634895,0.007147174661399434,0.034180030964949516,494369.7602119601
2025-04-30,1,0.05451434483307471,0.006978310492912304,0.04753603434016241,517870.13811013376
2025-05-04,0,0.0,0.0,0.0,517870.13811013376
2025-05-05,0,0.0,0.0,0.0,517870.13811013376
2025-05-06,0,0.0,0.0,0.0,517870.13811013376
2025-05-07,0,0.0,0.0,0.0,517870.13811013376
2025-05-08,0,0.0,0.0,0.0,517870.13811013376
2025-05-11,0,0.0,0.0,0.0,517870.13811013376
2025-05-13,0,0.0,0.0,0.0,517870.13811013376
2025-05-14,0,0.0,0.0,0.0,517870.13811013376
2025-05-15,1,2.6570658022251337e-05,0.006596635655941144,-0.006570064997918893,514467.69764226896
2025-05-18,0,0.0,0.0,0.0,514467.69764226896
2025-05-19,1,0.008546029418503354,0.00662496242728381,0.0019210669912195439,515456.0245542582
2025-05-20,1,-0.0011245144142302266,0.006593346813475875,-0.007717861227706102,511477.80648776336
2025-05-21,0,0.0,0.0,0.0,511477.80648776336
2025-05-22,3,0.0051779456455822714,0.007211131769063308,-0.0020331861234810364,510437.87690914393
2025-05-25,1,-0.018512263421118558,0.006537790257053541,-0.025050053678172098,497651.38069319766
2025-05-26,0,0.0,0.0,0.0,497651.38069319766
2025-05-27,1,0.014030261348005668,0.00684607029006036,0.007184191057945308,501226.60329234786
2025-05-28,1,0.008153976005305319,0.0066262557017082455,0.0015277203035970735,501992.3373509006
2025-06-02,1,-0.02031724199793694,0.006729508629098575,-0.027046750627035515,488415.07578588807
2025-06-03,1,-0.022180480148212944,0.006925849285877107,-0.029106329434090052,474199.10568948794
2025-06-04,0,0.0,0.0,0.0,474199.10568948794
2025-06-05,0,0.0,0.0,0.0,474199.10568948794
2025-06-08,0,0.0,0.0,0.0,474199.10568948794
2025-06-09,0,0.0,0.0,0.0,474199.10568948794
2025-06-10,0,0.0,0.0,0.0,474199.10568948794
2025-06-11,0,0.0,0.0,0.0,474199.10568948794
2025-06-12,0,0.0,0.0,0.0,474199.10568948794
2025-06-15,0,0.0,0.0,0.0,474199.10568948794
2025-06-16,1,0.016377238110214964,0.007061942412637859,0.009315295697577105,478616.4105785121
2025-06-17,1,-0.009128685734494435,0.0069729738269930204,-0.016101659561487455,470909.89207483584
2025-06-18,0,0.0,0.0,0.0,470909.89207483584
2025-06-19,0,0.0,0.0,0.0,470909.89207483584
2025-06-22,1,0.02994611239414935,0.007109491513295939,0.02283662088085341,481663.8827491925
2025-06-23,0,0.0,0.0,0.0,481663.8827491925
2025-06-24,0,0.0,0.0,0.0,481663.8827491925
2025-06-25,0,0.0,0.0,0.0,481663.8827491925
2025-06-26,0,0.0,0.0,0.0,481663.8827491925
2025-06-29,0,0.0,0.0,0.0,481663.8827491925
2025-06-30,1,0.012714206744057543,0.0070476708416192,0.005666535902438343,484393.24843369867
2025-07-01,2,0.017912072200358176,0.0071682404843910735,0.010743831715967102,489597.487979221
2025-07-02,0,0.0,0.0,0.0,489597.487979221
2025-07-03,2,0.004803408712709678,0.007120821174026928,-0.0023174124613172496,488462.8886595483
2025-07-06,2,-0.012593128002732212,0.007061277551944835,-0.019654405554677047,478862.4409474245
2025-07-07,0,0.0,0.0,0.0,478862.4409474245
2025-07-08,0,0.0,0.0,0.0,478862.4409474245
2025-07-09,1,0.011423342278704673,0.007043824650083485,0.004379517628621188,480959.6274492383
2025-07-10,4,0.04024165074465724,0.007454669013847687,0.03278698173080956,496728.84196767345
2025-07-13,2,-0.02018583882553321,0.007031675936018263,-0.027217514761551473,483209.1173789299
2025-07-14,0,0.0,0.0,0.0,483209.1173789299
2025-07-15,4,0.014008806025193665,0.007362229855790327,0.006646576169403338,486420.8035833391
2025-07-16,2,0.021126694978867322,0.007178470410034059,0.013948224568833264,493205.5101866718
2025-07-17,3,0.007571244712765453,0.00723025364943178,0.00034099106333367307,493373.68885803234
2025-07-20,0,0.0,0.0,0.0,493373.68885803234
2025-07-21,2,0.0336040198757227,0.007218619991196593,0.02638539988452611,506391.5509310553
2025-07-22,4,-0.005343806943452267,0.007276515163380677,-0.012620322106832945,500000.72644612665
2025-07-23,0,0.0,0.0,0.0,500000.72644612665
2025-07-24,1,-0.020834621329211767,0.006728120411125204,-0.02756274174033697,486219.33555311116
2025-07-27,0,0.0,0.0,0.0,486219.33555311116
2025-07-28,2,-0.00091265336186519,0.007102519842992991,-0.008015173204858181,482322.2033631019
2025-07-29,2,-0.010437163207684175,0.007071322072171712,-0.017508485279855886,473877.47216537135
2025-07-30,0,0.0,0.0,0.0,473877.47216537135
2025-07-31,0,0.0,0.0,0.0,473877.47216537135
2025-08-03,0,0.0,0.0,0.0,473877.47216537135
2025-08-04,0,0.0,0.0,0.0,473877.47216537135
2025-08-05,0,0.0,0.0,0.0,473877.47216537135
2025-08-06,0,0.0,0.0,0.0,473877.47216537135
2025-08-07,0,0.0,0.0,0.0,473877.47216537135
2025-08-11,0,0.0,0.0,0.0,473877.47216537135
2025-08-12,0,0.0,0.0,0.0,473877.47216537135
2025-08-13,0,0.0,0.0,0.0,473877.47216537135
2025-08-14,0,0.0,0.0,0.0,473877.47216537135
2025-08-17,0,0.0,0.0,0.0,473877.47216537135
2025-08-18,0,0.0,0.0,0.0,473877.47216537135
2025-08-19,0,0.0,0.0,0.0,473877.47216537135
2025-08-20,1,0.011675731255242683,0.007045793779621692,0.004629937475620991,476071.4952326023
2025-08-21,1,-0.01980555518408056,0.006936697076472925,-0.026742252260553483,463340.2712130332
2025-08-24,0,0.0,0.0,0.0,463340.2712130332
2025-08-25,0,0.0,0.0,0.0,463340.2712130332
2025-08-26,0,0.0,0.0,0.0,463340.2712130332
2025-08-27,0,0.0,0.0,0.0,463340.2712130332
2025-08-28,0,0.0,0.0,0.0,463340.2712130332
2025-08-31,1,0.01811868938819483,0.007070421531596084,0.011048267856598747,468459.37863814394
2025-09-01,0,0.0,0.0,0.0,468459.37863814394
2025-09-02,0,0.0,0.0,0.0,468459.37863814394
2025-09-03,0,0.0,0.0,0.0,468459.37863814394
2025-09-04,0,0.0,0.0,0.0,468459.37863814394
2025-09-07,0,0.0,0.0,0.0,468459.37863814394
2025-09-08,1,-0.056860981505424624,0.006810562454005481,-0.0636715439594301,438631.8467179781
2025-09-18,0,0.0,0.0,0.0,438631.8467179781
2025-09-21,0,0.0,0.0,0.0,438631.8467179781
2025-09-23,0,0.0,0.0,0.0,438631.8467179781
2025-09-24,0,0.0,0.0,0.0,438631.8467179781
2025-09-25,0,0.0,0.0,0.0,438631.8467179781
2025-09-28,0,0.0,0.0,0.0,438631.8467179781
2025-10-07,0,0.0,0.0,0.0,438631.8467179781
2025-10-08,0,0.0,0.0,0.0,438631.8467179781
2025-10-09,0,0.0,0.0,0.0,438631.8467179781
2025-10-12,0,0.0,0.0,0.0,438631.8467179781
2025-10-13,0,0.0,0.0,0.0,438631.8467179781
2025-10-14,0,0.0,0.0,0.0,438631.8467179781
2025-10-15,0,0.0,0.0,0.0,438631.8467179781
2025-10-16,0,0.0,0.0,0.0,438631.8467179781
2025-10-19,0,0.0,0.0,0.0,438631.8467179781
2025-10-26,0,0.0,0.0,0.0,438631.8467179781
2025-10-28,0,0.0,0.0,0.0,438631.8467179781
2025-10-29,0,0.0,0.0,0.0,438631.8467179781
2025-10-30,0,0.0,0.0,0.0,438631.8467179781
2025-11-02,0,0.0,0.0,0.0,438631.8467179781
2025-11-03,0,0.0,0.0,0.0,438631.8467179781
2025-11-04,0,0.0,0.0,0.0,438631.8467179781
2025-11-05,0,0.0,0.0,0.0,438631.8467179781
2025-11-06,0,0.0,0.0,0.0,438631.8467179781
2025-11-09,0,0.0,0.0,0.0,438631.8467179781
2025-11-10,0,0.0,0.0,0.0,438631.8467179781
2025-11-11,0,0.0,0.0,0.0,438631.8467179781
2025-11-12,0,0.0,0.0,0.0,438631.8467179781
2025-11-13,0,0.0,0.0,0.0,438631.8467179781
2025-11-16,0,0.0,0.0,0.0,438631.8467179781
2025-11-17,0,0.0,0.0,0.0,438631.8467179781
2025-11-18,0,0.0,0.0,0.0,438631.8467179781
2025-11-19,0,0.0,0.0,0.0,438631.8467179781
2025-11-20,0,0.0,0.0,0.0,438631.8467179781
2025-11-23,0,0.0,0.0,0.0,438631.8467179781
2025-11-24,0,0.0,0.0,0.0,438631.8467179781
2025-11-25,0,0.0,0.0,0.0,438631.8467179781
2025-11-26,1,0.0,0.007013990811141782,-0.007013990811141782,435555.28697562404
2025-11-27,2,0.002830257909554046,0.007139356368097702,-0.004309098458543656,433678.43635990686
2025-11-30,1,-0.006685768863419317,0.0069922268945906375,-0.013677995758009955,427746.5845470356
2025-12-01,0,0.0,0.0,0.0,427746.5845470356
2025-12-02,0,0.0,0.0,0.0,427746.5845470356
2025-12-03,0,0.0,0.0,0.0,427746.5845470356
2025-12-07,0,0.0,0.0,0.0,427746.5845470356
2025-12-08,0,0.0,0.0,0.0,427746.5845470356
2025-12-09,0,0.0,0.0,0.0,427746.5845470356
2025-12-10,0,0.0,0.0,0.0,427746.5845470356
2025-12-11,0,0.0,0.0,0.0,427746.5845470356
2025-12-14,0,0.0,0.0,0.0,427746.5845470356
2025-12-15,0,0.0,0.0,0.0,427746.5845470356
2025-12-16,1,-0.003355704697986628,0.007005314459324734,-0.010361019157311361,423314.69399006927
2025-12-17,0,0.0,0.0,0.0,423314.69399006927
2025-12-18,0,0.0,0.0,0.0,423314.69399006927
2025-12-21,0,0.0,0.0,0.0,423314.69399006927
2025-12-22,0,0.0,0.0,0.0,423314.69399006927
2025-12-23,0,0.0,0.0,0.0,423314.69399006927
2025-12-24,0,0.0,0.0,0.0,423314.69399006927
2025-12-28,2,-0.0005277348395731352,0.007134410188476726,-0.0076621450280498615,420071.1954122128
2025-12-29,0,0.0,0.0,0.0,420071.1954122128
2025-12-31,2,-0.04370694967517641,0.006987265908345291,-0.050694215583521704,398776.0156715584
2026-01-01,0,0.0,0.0,0.0,398776.0156715584
2026-01-04,0,0.0,0.0,0.0,398776.0156715584
2026-01-05,0,0.0,0.0,0.0,398776.0156715584
2026-01-06,0,0.0,0.0,0.0,398776.0156715584
2026-01-07,0,0.0,0.0,0.0,398776.0156715584
2026-01-08,0,0.0,0.0,0.0,398776.0156715584
2026-01-12,0,0.0,0.0,0.0,398776.0156715584
2026-01-13,0,0.0,0.0,0.0,398776.0156715584
2026-01-14,0,0.0,0.0,0.0,398776.0156715584
2026-01-18,1,0.017739025856885027,0.0070865833083213516,0.010652442548563675,403023.9542682448
2026-01-20,1,-0.005908419497784312,0.007003678057405263,-0.012912097555189576,397820.06965365494
2026-01-21,0,0.0,0.0,0.0,397820.06965365494
2026-01-22,1,0.03157894736842115,0.007134632329573289,0.024444315038847864,407544.50876504526
2026-01-25,2,-0.00719545550178835,0.0071205476510256445,-0.014316003152813995,401710.10029265285
2026-01-26,1,-0.010335154289089044,0.006988811586356117,-0.01732396587544516,394750.8882233613
2026-01-27,0,0.0,0.0,0.0,394750.8882233613
2026-01-28,0,0.0,0.0,0.0,394750.8882233613
2026-01-29,0,0.0,0.0,0.0,394750.8882233613
2026-02-01,0,0.0,0.0,0.0,394750.8882233613
2026-02-02,0,0.0,0.0,0.0,394750.8882233613
2026-02-03,0,0.0,0.0,0.0,394750.8882233613
2026-02-04,0,0.0,0.0,0.0,394750.8882233613
2026-02-05,1,0.0997723823975718,0.007370876878855437,0.09240150551871637,431226.4646000504
2026-02-08,0,0.0,0.0,0.0,431226.4646000504
2026-02-09,0,0.0,0.0,0.0,431226.4646000504
2026-02-10,0,0.0,0.0,0.0,431226.4646000504
2026-02-11,0,0.0,0.0,0.0,431226.4646000504
2026-02-12,0,0.0,0.0,0.0,431226.4646000504
2026-02-16,0,0.0,0.0,0.0,431226.4646000504
2026-02-17,0,0.0,0.0,0.0,431226.4646000504
2026-02-22,0,0.0,0.0,0.0,431226.4646000504
2026-02-23,0,0.0,0.0,0.0,431226.4646000504
2026-02-24,0,0.0,0.0,0.0,431226.4646000504
2026-02-25,0,0.0,0.0,0.0,431226.4646000504
2026-02-26,0,0.0,0.0,0.0,431226.4646000504
2026-03-01,0,0.0,0.0,0.0,431226.4646000504
2026-03-03,1,0.03946980854197335,0.007152119196318392,0.03231768934565496,445162.7075206199
2026-03-09,0,0.0,0.0,0.0,445162.7075206199
2026-03-10,0,0.0,0.0,0.0,445162.7075206199
2026-03-11,0,0.0,0.0,0.0,445162.7075206199
2026-03-12,3,0.0026800471526350713,0.007246201611697558,-0.004566154459062487,443130.0258386663
2026-03-15,2,-0.004096567469586254,0.00711153424044051,-0.011208101710026765,438163.37943829974
2026-03-16,0,0.0,0.0,0.0,438163.37943829974
2026-03-17,0,0.0,0.0,0.0,438163.37943829974
2026-03-19,3,0.01094267736773443,0.007280090293997511,0.0036625870737369186,439768.1909680154
2026-03-22,3,-0.006890348075041371,0.007217317088827832,-0.014107665163869203,433564.08858011814
2026-03-23,0,0.0,0.0,0.0,433564.08858011814
2026-03-24,2,-0.006468389152597398,0.007108330466187444,-0.013576719618784842,427677.7105126919
2026-03-25,0,0.0,0.0,0.0,427677.7105126919
2026-03-26,0,0.0,0.0,0.0,427677.7105126919
2026-03-29,0,0.0,0.0,0.0,427677.7105126919
2026-03-30,0,0.0,0.0,0.0,427677.7105126919
2026-03-31,0,0.0,0.0,0.0,427677.7105126919
2026-04-01,0,0.0,0.0,0.0,427677.7105126919
2026-04-02,0,0.0,0.0,0.0,427677.7105126919
2026-04-05,0,0.0,0.0,0.0,427677.7105126919
2026-04-06,0,0.0,0.0,0.0,427677.7105126919
2026-04-07,0,0.0,0.0,0.0,427677.7105126919
2026-04-08,0,0.0,0.0,0.0,427677.7105126919
2026-04-09,0,0.0,0.0,0.0,427677.7105126919
2026-04-10,0,0.0,0.0,0.0,427677.7105126919
2026-04-13,0,0.0,0.0,0.0,427677.7105126919
2026-04-15,0,0.0,0.0,0.0,427677.7105126919
2026-04-16,0,0.0,0.0,0.0,427677.7105126919
2026-04-17,0,0.0,0.0,0.0,427677.7105126919
2026-04-20,0,0.0,0.0,0.0,427677.7105126919
2026-04-21,0,0.0,0.0,0.0,427677.7105126919
2026-04-22,0,0.0,0.0,0.0,427677.7105126919
2026-04-23,0,0.0,0.0,0.0,427677.7105126919
2026-04-24,0,0.0,0.0,0.0,427677.7105126919
2026-04-27,0,0.0,0.0,0.0,427677.7105126919
2026-04-28,0,0.0,0.0,0.0,427677.7105126919
2026-04-29,0,0.0,0.0,0.0,427677.7105126919
2026-04-30,0,0.0,0.0,0.0,427677.7105126919
2026-05-04,0,0.0,0.0,0.0,427677.7105126919
2026-05-05,0,0.0,0.0,0.0,427677.7105126919
2026-05-06,0,0.0,0.0,0.0,427677.7105126919
2026-05-07,0,0.0,0.0,0.0,427677.7105126919
2026-05-08,0,0.0,0.0,0.0,427677.7105126919
2026-05-11,0,0.0,0.0,0.0,427677.7105126919
2026-05-12,0,0.0,0.0,0.0,427677.7105126919
2026-05-13,0,0.0,0.0,0.0,427677.7105126919
2026-05-14,0,0.0,0.0,0.0,427677.7105126919
2026-05-15,0,0.0,0.0,0.0,427677.7105126919
2026-05-18,0,0.0,0.0,0.0,427677.7105126919
2026-05-19,0,0.0,0.0,0.0,427677.7105126919
2026-05-20,0,0.0,0.0,0.0,427677.7105126919
2026-05-21,1,0.00028176951253877647,0.007017882569803822,-0.006736113057265045,424796.8251026061
2026-05-22,1,0.010188679245282994,0.007052854271305805,0.0031358249739771894,426128.9135956291
2026-05-25,1,0.002988419872992143,0.007027645433241792,-0.004039225560249649,424407.6827958722
2026-05-26,0,0.0,0.0,0.0,424407.6827958722
2026-05-27,2,-0.0023289135975383957,0.0071275877498802355,-0.009456501347418631,420394.27097165823
2026-06-01,0,0.0,0.0,0.0,420394.27097165823
2026-06-02,0,0.0,0.0,0.0,420394.27097165823
2026-06-03,1,-0.014598540145985384,0.006968571005543776,-0.02156711115152916,411327.5810021464
2026-06-04,0,0.0,0.0,0.0,411327.5810021464
2026-06-05,1,-0.017514468473956768,0.006961132699420433,-0.0244756011733772,401260.09117792785
2026-06-08,0,0.0,0.0,0.0,401260.09117792785
2026-06-09,0,0.0,0.0,0.0,401260.09117792785
2026-06-10,0,0.0,0.0,0.0,401260.09117792785
2026-06-11,0,0.0,0.0,0.0,401260.09117792785
2026-06-12,0,0.0,0.0,0.0,401260.09117792785
2026-06-15,0,0.0,0.0,0.0,401260.09117792785
2026-06-16,0,0.0,0.0,0.0,401260.09117792785
2026-06-17,0,0.0,0.0,0.0,401260.09117792785
2026-06-18,0,0.0,0.0,0.0,401260.09117792785
2026-06-19,0,0.0,0.0,0.0,401260.09117792785
2026-06-22,0,0.0,0.0,0.0,401260.09117792785
2026-06-23,0,0.0,0.0,0.0,401260.09117792785
2026-06-24,0,0.0,0.0,0.0,401260.09117792785
2026-06-25,0,0.0,0.0,0.0,401260.09117792785
2026-06-26,0,0.0,0.0,0.0,401260.09117792785
2026-06-29,0,0.0,0.0,0.0,401260.09117792785
2026-06-30,0,0.0,0.0,0.0,401260.09117792785
2026-07-01,0,0.0,0.0,0.0,401260.09117792785
2026-07-02,0,0.0,0.0,0.0,401260.09117792785
2026-07-03,0,0.0,0.0,0.0,401260.09117792785
2026-07-06,0,0.0,0.0,0.0,401260.09117792785
2026-07-07,0,0.0,0.0,0.0,401260.09117792785
2026-07-08,0,0.0,0.0,0.0,401260.09117792785
2026-07-09,0,0.0,0.0,0.0,401260.09117792785
2026-07-10,0,0.0,0.0,0.0,401260.09117792785
2026-07-13,0,0.0,0.0,0.0,401260.09117792785
2026-07-14,0,0.0,0.0,0.0,401260.09117792785
2026-07-15,0,0.0,0.0,0.0,401260.09117792785
2026-07-16,0,0.0,0.0,0.0,401260.09117792785
2026-07-17,2,0.009954909898143072,0.007183559355355295,0.002771350542787777,402372.1235494129
2026-07-20,2,-0.0009090909090909149,0.007145389799453359,-0.008054480708544275,399131.2250426281
2026-07-21,0,0.0,0.0,0.0,399131.2250426281
2026-07-22,0,0.0,0.0,0.0,399131.2250426281
2026-07-23,1,0.0056363636363636616,0.007044717537667138,-0.0014083539013034765,398569.1070247073
2026-07-24,3,0.004723824325843506,0.007292643472038237,-0.0025688191461947308,397545.2550715005
2026-07-27,2,-0.001685090417732793,0.007145730127045913,-0.008830820544778706,394034.6042655358
2026-07-28,1,-0.009637625289128815,0.006993642601334737,-0.016631267890463552,387481.3092038829
2026-07-29,0,0.0,0.0,0.0,387481.3092038829
2026-07-30,0,0.0,0.0,0.0,387481.3092038829
2026-07-31,2,0.0013424260266997612,0.007162708334086107,-0.005820282307386346,385226.05859548063
2026-08-03,0,0.0,0.0,0.0,385226.05859548063
2026-08-04,0,0.0,0.0,0.0,385226.05859548063
2026-08-05,0,0.0,0.0,0.0,385226.05859548063
2026-08-06,0,0.0,0.0,0.0,385226.05859548063
2026-08-07,0,0.0,0.0,0.0,385226.05859548063
2026-08-10,0,0.0,0.0,0.0,385226.05859548063
2026-08-11,0,0.0,0.0,0.0,385226.05859548063
2026-08-12,0,0.0,0.0,0.0,385226.05859548063
2026-08-13,0,0.0,0.0,0.0,385226.05859548063
2026-08-14,0,0.0,0.0,0.0,385226.05859548063
